robot_model,movement,cartesian_path,reference_frame,is_relative,velocity,acceleration,desired_x,desired_y,desired_z,desired_roll,desired_pitch,desired_yaw,measured_x,measured_y,measured_z,measured_roll,measured_pitch,measured_yaw
vs060,move_joints,,,False,100,100,,,,,,,0.3004235342164447,-2.6280395299172165e-05,0.39025615282183534,-3.1415854697810226,0.0016897498375285844,3.141457689943607
vs060,move_to_pose,True,WORLD,False,100,100,0.2581,0.136,0.305,3.141592653589793,0,-1.5707963267948966,0.2581034232311773,0.13604671012155317,0.30502055630467007,-3.1415252536836658,-2.9880309340033466e-05,-1.5708344702645745
vs060,move_to_pose,True,WORLD,True,100,100,0.2581034232311784,0.13604671012155375,0.00502055630467052,-3.141525253683663,-2.9880309338649116e-05,-1.5708344702645753,0.2581458081304411,0.1360684383034831,0.00509193475003436,3.1413788252391877,-0.00017278036655354455,-1.5708339103944031
vs060,move_to_pose,True,WORLD,True,100,100,0.2581457037730418,0.13606838220674217,0.30509205143223705,3.1413787639575754,-0.00017281471504200665,-1.5708339104691664,0.2580332513356482,0.13600910675149686,0.3049840003802139,3.1415006042921862,-0.0001086041095530535,-1.570833926333733
vs060,move_approach,True,WORLD,False,100,100,0.4877,0.08630000000000002,0.24149999999999996,-3.141592653589793,0.0,-2.478367537831948,0.48758340454637256,0.08627875241483784,0.24147041245779424,-3.1414698745387324,0.00023269479311092793,-2.4783678013334707
vs060,move_to_pose,True,TOOL,True,100,100,0.4876131845254736,0.08628410105755906,0.12647041643803428,-3.1414698745387337,0.0002326947931085976,-2.4783678013334707,0.4877560516218333,0.08630937661939442,0.1264824069027368,3.141592607876236,1.3210202606749334e-06,-2.4783678155729882
vs060,move_to_pose,True,TOOL,True,100,100,0.48775602359559744,0.08630930068585267,0.24148221391242308,3.1415926078352387,1.392533389698363e-06,-2.4783678155836424,0.48769762960475477,0.08629896616679134,0.24144797782158664,-3.141585925301182,1.41207348946534e-05,-2.4783678155362456
vs060,move_approach,True,WORLD,False,100,100,0.362547014212016,-0.014610796296998518,0.16104822155938076,3.1276300195738385,0.8918632477691022,-2.478367537831948,0.3626779247272382,-0.014764196803937008,0.16129856671903559,3.1277191198574936,0.8919709158727692,-2.478280319476382
vs060,move_to_pose,True,TOOL,True,100,100,0.4322155323556156,0.041598955082626926,0.08909932921477887,3.127719079815323,0.8919709058689216,-2.4782803213950766,0.4323688828499375,0.04141280973631872,0.08928311459022362,3.1269337827359722,0.8916530755185016,-2.4783639104965083
vs060,move_to_pose,True,TOOL,True,100,100,0.3629010951998801,-0.015000982528630788,0.1615099137806461,3.126933782735972,0.8916530755185013,-2.478363910496509,0.3628715853808707,-0.014931735079038097,0.1614018037404433,3.127034248869759,0.891736625531217,-2.478380124895365
vs060,move_to_pose,True,WORLD,False,100,100,0.2618,-0.1192,0.31,3.141592653589793,0,-1.5707963267948966,0.2617106856761257,-0.11922819987098005,0.30993555901852843,-3.1415417817974363,7.470043330394784e-05,-1.5707567878997202
vs060,move_to_pose,True,WORLD,True,100,100,0.261710670205206,-0.11922817249966233,0.009935467967689238,-3.141541718696406,7.47462363102197e-05,-1.5707567878619824,0.2617629886244015,-0.11925111083950399,0.010083360593887536,3.141238439659113,0.00025115419126184617,-1.5707576726206
vs060,move_to_pose,True,WORLD,True,100,100,0.26176289055544466,-0.11925107045092806,0.31008348665952046,3.14123841342789,0.0002511579055275233,-1.5707576723308783,0.26169585428658493,-0.11922051689736242,0.31001865753585445,3.1413172176268827,0.00021530898444299974,-1.5707576518053799
vs060,move_to_pose,True,WORLD,False,100,100,0.2581,0.136,0.305,3.141592653589793,0,-1.5707963267948966,0.2582269557188276,0.1357964325656813,0.30501904116367096,-3.141282946442058,0.0005522812473541614,-1.570642821358886
vs060,move_to_pose,True,WORLD,True,100,100,0.25822695571882687,0.1357964325656804,0.005019041163669857,-3.1412829464420597,0.000552281247352213,-1.5706428213588848,0.2582660067759284,0.13582090664984564,0.005080366569652106,-3.1415525331635306,0.00037655394399934116,-1.5706463272892643
vs060,move_to_pose,True,WORLD,True,100,100,0.2582660067759283,0.13582090664984584,0.3050803665696521,-3.1415525331635306,0.00037655394399934116,-1.5706463272892637,0.2582149110120338,0.135794021069933,0.3050309505594195,-3.141383067720273,0.0004656470797962495,-1.5706462710424345
vs060,move_approach,True,WORLD,False,100,100,0.4877,0.08630000000000002,0.24149999999999996,-3.141592653589793,0.0,-2.478367537831948,0.48741543243689855,0.08627788351379084,0.24150306743918137,-3.141264011184976,0.00039493405323868744,-2.4784012213973696
vs060,move_to_pose,True,TOOL,True,100,100,0.48747460128777964,0.0862760944186847,0.1265029134201272,-3.141264016746406,0.0003950055642081683,-2.4784012213822955,0.4875341212756413,0.08628663400044356,0.12648808144797316,-3.1413451711391702,0.00024215885680191996,-2.478401256161404
vs060,move_to_pose,True,TOOL,True,100,100,0.4874946546975328,0.08629191739129596,0.24148807455438553,-3.1413451711391702,0.0002421588568023309,-2.478401256161405,0.48737114656978153,0.0862700380470205,0.24146321057901235,-3.141196796170673,0.0005215912901205121,-2.478401178585214
vs060,move_approach,True,WORLD,False,100,100,0.362547014212016,-0.014610796296998518,0.16104822155938076,3.1276300195738385,0.8918632477691022,-2.478367537831948,0.36261043070572074,-0.014856013884940025,0.1613936089658026,3.126863375880334,0.8915500867995428,-2.4787197419613713
vs060,move_to_pose,True,TOOL,True,100,100,0.4320874262034352,0.04153476197670445,0.08915759902413756,3.1268633358753655,0.8915500766993039,-2.4787197437941875,0.43222417657751594,0.04124930182214917,0.0893449868816221,3.125334810527035,0.8909212256811617,-2.4793551342401683
vs060,move_to_pose,True,TOOL,True,100,100,0.36285710730691095,-0.015206757542019063,0.16163532314256618,3.1253347833223155,0.8909212309335524,-2.4793551361973507,0.36283806515856043,-0.015129564690933142,0.16150934268892744,3.125610440672298,0.8910572138866197,-2.4792563360344593
vs060,move_approach,True,WORLD,False,100,100,0.5094,-0.1552,0.1769,-3.141592653589793,0.0,-1.5707963267948963,0.5091126852697643,-0.1551123963414323,0.17679509779506622,-3.141415268669616,-5.4145403444783194e-05,-1.5707964059049948
vs060,move_to_pose,True,TOOL,True,100,100,0.5091329748573784,-0.15511861349353911,0.06179532807361479,-3.1414153211804137,-5.419630741149044e-05,-1.570796405818561,0.509190750985002,-0.15513622533582677,0.06180218590073286,-3.1414466377984573,-4.46846404181573e-05,-1.5707964041925873
vs060,move_to_pose,True,TOOL,True,100,100,0.509173959169456,-0.15513108660093547,0.17680218455998714,-3.141446637798456,-4.4684640417787114e-05,-1.570796404192589,0.5090228047068314,-0.15508502599344653,0.17678999245285965,-3.141124004113672,-0.00014294861833598569,-1.570796434466386
vs060,move_to_pose,True,WORLD,False,100,100,0.2581,0.136,0.31,3.141592653589793,0,-1.5707963267948966,0.258172419800131,0.13568610449810564,0.3099272931277631,3.141147321855425,0.00026829105246466595,-1.570596746522436
vs060,move_to_pose,True,WORLD,True,100,100,0.2581723952740267,0.13568609653353034,0.00992721533857216,3.141147387725802,0.00026834381314805094,-1.5705967464935215,0.2582219026997089,0.13571590086757118,0.00999889190400624,3.1409546179372914,0.00013592415291813496,-1.570600041455354
vs060,move_to_pose,True,WORLD,True,100,100,0.25822190269970924,0.13571590086757135,0.30999889190400665,3.1409546179372927,0.00013592415291891044,-1.5706000414553545,0.2580895810918561,0.13564636690903975,0.3098695462036769,3.141062180859336,0.00019254083793197687,-1.5706000404927034
vs060,move_to_pose,True,WORLD,False,100,100,0.2618,-0.1192,0.305,3.141592653589793,0,-1.5707963267948966,0.2618056459572481,-0.11895049341298035,0.30491467143705564,3.1413883198877492,-0.0002686148329384856,-1.570941364665358
vs060,move_to_pose,True,WORLD,True,100,100,0.26180563033625953,-0.11895046596641032,0.004914581249472583,3.141388382912759,-0.0002685692925904594,-1.5709413646568084,0.26196048799419563,-0.11902447304420372,0.005085199018537712,3.141257743627681,-0.00017396349905955859,-1.5709379233046425
vs060,move_to_pose,True,WORLD,True,100,100,0.26196058740037936,-0.1190245143027316,0.3050850688475242,3.141257769639834,-0.0001739678331888453,-1.5709379236093655,0.261887391830914,-0.11899123093921554,0.3050168321095913,3.141501490035587,-0.00028463871300234356,-1.5709379583445988
vs060,move_approach,True,WORLD,False,100,100,0.5094,-0.1552,0.1769,-3.141592653589793,0.0,-1.5707963267948963,0.509215780940383,-0.15514379412935914,0.1768722944632568,-3.141380521858535,-6.469431860790114e-05,-1.5707963243928398
vs060,move_to_pose,True,TOOL,True,100,100,0.5092400663972281,-0.15515122439530143,0.061872525668707073,-3.1413805743667598,-6.474523119487784e-05,-1.5707963243075505,0.5093436619569333,-0.15518277801329078,0.06186967918710086,-3.1414478801222208,-4.4209334167716505e-05,-1.5707963206994107
vs060,move_to_pose,True,TOOL,True,100,100,0.5093270130081962,-0.15517769394001987,0.17686967786955562,-3.141447880122212,-4.420933417054502e-05,-1.570796320699411,0.5090191026867931,-0.15508389039897102,0.17678373950173557,-3.1411634724794055,-0.00013089381401498206,-1.5707963455948448
vs060,move_to_pose,True,WORLD,False,100,100,0.2581,0.136,0.31,3.141592653589793,0,-1.5707963267948966,0.2582387471310195,0.1358240268014737,0.3100378143571635,-3.141515248260476,0.0003955946477923141,-1.5706567138422254
vs060,move_to_pose,True,WORLD,True,100,100,0.2582387471310198,0.13582402680147326,0.010037814357163777,-3.141515248260475,0.00039559464779171755,-1.5706567138422265,0.2584282329285392,0.1359264972833954,0.01027468707578022,-3.141575708686786,0.00033807591757891944,-1.570659398676862
vs060,move_to_pose,True,WORLD,True,100,100,0.25842813021142136,0.13592644212730515,0.31027479960900306,-3.141575770010586,0.00033804158175512153,-1.5706593987794755,0.25834387997907454,0.1358821401352292,0.3101914225918806,-3.141553437246929,0.00034982831188795025,-1.5706593420912207
vs060,move_joints,,,False,100,100,,,,,,,0.30038982243779266,9.71405716915635e-06,0.3902329236218412,-3.1415557098263394,0.001518796324146169,-3.141545301196543
vs060,move_to_pose,True,WORLD,False,100,100,0.2581,0.136,0.305,3.141592653589793,0,-1.5707963267948966,0.2580985552803691,0.1360405478592986,0.305014479415331,-3.1415483681809406,-3.619301264383364e-05,-1.5708200484827388
vs060,move_to_pose,True,WORLD,True,100,100,0.25809855528036946,0.13604054785929875,0.0050144794153310634,-3.1415483681809397,-3.619301264349266e-05,-1.5708200484827388,0.2582108283191373,0.13609917621783546,0.005132271733829713,3.1414783575350635,-0.0001148370395214007,-1.570819545535792
vs060,move_to_pose,True,WORLD,True,100,100,0.25821082831913744,0.13609917621783557,0.30513227173382995,3.1414783575350635,-0.00011483703952102951,-1.5708195455357923,0.25812532194157817,0.13605410446536126,0.305048537043001,3.1414538080441035,-0.00012779597923164867,-1.5708195441159596
vs060,move_approach,True,WORLD,False,100,100,0.4661354874337654,0.06049128250125703,0.1266761625123164,-3.068288825006032,1.24965574442794,-2.0315632493214,0.4660401791636448,0.06056823163408888,0.1266810166821575,-3.0680619670062432,1.2496152162670437,-2.0314911364649313
vs060,move_to_pose,True,TOOL,True,100,100,0.5219878444645811,0.15429115011015287,0.09047526082323383,-3.0680620374630045,1.249615222313763,-2.0314912204974367,0.5219225422312381,0.154324977923852,0.09048986153407138,-3.0678201654785,1.249617230600319,-2.031348133754599
vs060,move_to_pose,True,TOOL,True,100,100,0.46596418898038816,0.060608097635742916,0.1266949585580725,-3.067820165478504,1.2496172306003197,-2.0313481337546024,0.46592660012172915,0.06063571993136101,0.1266779251129905,-3.067689956031515,1.249624462477328,-2.031360993136626
vs060,move_approach,True,WORLD,False,100,100,0.4481354874337654,0.07099128250125704,0.1266761625123164,-3.068288825006032,1.24965574442794,-2.0315632493214,0.4482682165289956,0.0708446503751634,0.12659453627983602,-3.0702626674956064,1.2496592505126702,-2.032947307700192
vs060,move_to_pose,True,TOOL,True,100,100,0.5041349845003347,0.16461544883160603,0.09038738571757242,-3.0702625968793615,1.249659244552393,-2.032947223669417,0.5040908538701383,0.164629734853751,0.09042707005240566,-3.0700220191397745,1.2496496377785913,-2.032787799473508
vs060,move_to_pose,True,TOOL,True,100,100,0.44821540848601477,0.07086427911870037,0.1266344438031213,-3.070022019139775,1.2496496377785922,-2.032787799473509,0.44817426825155776,0.0709115319010573,0.12661756226465892,-3.0696888113837524,1.2496649138723377,-2.032626111657808
vs060,move_approach,True,WORLD,False,100,100,0.4816354874337655,0.05139128250125703,0.1266761625123164,-3.068288825006032,1.24965574442794,-2.0315632493214,0.48152468616365285,0.05145765516145202,0.1266940477226234,-3.0678496013991,1.2496320299192374,-2.031457913168374
vs060,move_to_pose,True,TOOL,True,100,100,0.537490571726821,0.1451706212543405,0.09049069552148972,-3.0678496721843898,1.2496320359673274,-2.03145799741442,0.5372914627003939,0.1452345474058922,0.09054937503006578,-3.0675728883102638,1.2495605983044238,-2.0314252855458212
vs060,move_to_pose,True,TOOL,True,100,100,0.4813022101170986,0.05153822403130005,0.1267602038512259,-3.0675729603631896,1.2495606030172903,-2.031425371508935,0.4812684761441427,0.05156796468258358,0.12675702015659823,-3.067428993558277,1.249563570456453,-2.0313265377582383
vs060,move_to_pose,True,WORLD,False,100,100,0.2618,-0.1192,0.31,3.141592653589793,0,-1.5707963267948966,0.261734136717811,-0.11929249073410456,0.30997834173651695,3.141453808143518,0.0002370771465743085,-1.5707260698844223
vs060,move_to_pose,True,WORLD,True,100,100,0.26173412134320545,-0.1192924633998509,0.009978250676629885,3.1414538712541096,0.00023712293907029783,-1.5707260698350693,0.2617470848247583,-0.11929691667874348,0.010052436372405382,3.141117053165087,0.0003781327411940596,-1.5707274182033717
vs060,move_to_pose,True,WORLD,True,100,100,0.26174708482475706,-0.11929691667874281,0.3100524363724052,3.1411170531650856,0.0003781327411950401,-1.5707274182033706,0.26159869468632674,-0.11922930467082399,0.3098997902153044,-3.1414977627741907,0.00011801611247040218,-1.5707273079567383
vs060,move_to_pose,True,WORLD,False,100,100,0.2581,0.136,0.305,3.141592653589793,0,-1.5707963267948966,0.2581042055172257,0.13579940127419357,0.30492211058226315,3.141424586975808,0.0002059205335172728,-1.570644187220127
vs060,move_to_pose,True,WORLD,True,100,100,0.2581042300117329,0.13579940923732237,0.004922187570289782,3.141424521067934,0.00020586780751181229,-1.5706441872452923,0.258118176185923,0.1358090700007146,0.004930543253924752,3.141331417151685,0.0001366569428842786,-1.5706478196537232
vs060,move_to_pose,True,WORLD,True,100,100,0.25811817618592203,0.13580907000071407,0.3049305432539251,3.1413314171516835,0.0001366569428833503,-1.5706478196537212,0.25802927749301907,0.13576230308719894,0.30484403799193543,3.1413079072947774,0.00012435909630214006,-1.5706478199767986
vs060,move_approach,True,WORLD,False,100,100,0.4661354874337654,0.06049128250125703,0.1266761625123164,-3.068288825006032,1.24965574442794,-2.0315632493214,0.4659764501136154,0.06061140196006967,0.12680856107703423,-3.0673100712636034,1.249530956621075,-2.03098125710915
vs060,move_to_pose,True,TOOL,True,100,100,0.5219495364944234,0.15431637653082603,0.09059565179085295,-3.0673101415900086,1.249530962689587,-2.0309813410292725,0.5217906759919756,0.15430824801845844,0.09077997189925205,-3.066594897298263,1.249466948588393,-2.03052289022395
vs060,move_to_pose,True,TOOL,True,100,100,0.46579064602595105,0.06062133685404311,0.12699788919679722,-3.066594824683327,1.2494669444560964,-2.0305228044818704,0.46576873989243706,0.06064027167444282,0.12700132483614443,-3.066404047710358,1.2494654580378257,-2.03040541686414
vs060,move_approach,True,WORLD,False,100,100,0.4481354874337654,0.07099128250125704,0.1266761625123164,-3.068288825006032,1.24965574442794,-2.0315632493214,0.44812605548043777,0.07097278160972006,0.12657419808081577,-3.070195647609693,1.2496355505749996,-2.0330645335149464
vs060,move_to_pose,True,TOOL,True,100,100,0.504009912799429,0.16473244895031378,0.090365040276778,-3.0701957181725383,1.2496355565286965,-2.033064617491865,0.5039602213633808,0.16472988398071375,0.0903899969860196,-3.070147530560677,1.249600206205433,-2.033140633065163
vs060,move_to_pose,True,TOOL,True,100,100,0.44806486825180225,0.07097846526353725,0.12660329700799533,-3.0701476046207277,1.249600209709495,-2.0331407189873194,0.44802013858837353,0.07103370721548022,0.12659645161193694,-3.0698923679036705,1.2496074940204283,-2.0329325472774014
vs060,move_approach,True,WORLD,False,100,100,0.4816354874337655,0.05139128250125703,0.1266761625123164,-3.068288825006032,1.24965574442794,-2.0315632493214,0.4815570508570947,0.0514564418209172,0.12668662452560955,-3.067999418835462,1.2496445374850138,-2.031403408262814
vs060,move_to_pose,True,TOOL,True,100,100,0.5375031730588389,0.14518157903382845,0.09048423319851259,-3.0679994896854073,1.2496445435348378,-2.031403492566905,0.5374494013168772,0.14516833446636188,0.09049576606200078,-3.0678165248674563,1.2496357620276672,-2.0314693296999757
vs060,move_to_pose,True,TOOL,True,100,100,0.4814789686410702,0.05145785970372113,0.12669906867373376,-3.067816597006195,1.2496357667438929,-2.0314694157439233,0.4814437644729719,0.05149614408480095,0.126696223180509,-3.06762187938041,1.2496424937601682,-2.031302519479183
vs060,move_approach,True,WORLD,False,100,100,0.4653,-0.1623,0.1542,3.141592653589793,0.0,-1.5707963267948963,0.4651310793256585,-0.16227788869847654,0.15418214775571162,-3.141240045045241,-3.507262646225673e-05,-1.5707527466917732
vs060,move_to_pose,True,TOOL,True,100,100,0.46517152723267835,-0.16228190976423437,0.03918235437958184,-3.141240096277501,-3.511835289946931e-05,-1.5707527465499969,0.46513693714408705,-0.1622697922538987,0.03919042522643107,-3.141210873542325,-4.5274655236916774e-05,-1.57075276909041
vs060,move_to_pose,True,TOOL,True,100,100,0.46509303221294973,-0.16226458758132115,0.1541904167275976,-3.1412108735423256,-4.527465523609053e-05,-1.5707527690904097,0.46473559768041134,-0.1621398564362504,0.15408368446400703,-3.1408925661985596,-0.00015631135218151782,-1.5707528261651116
vs060,move_approach,True,WORLD,False,100,100,0.4714,-0.1378,0.1542,3.141592653589793,0.0,-1.5707963267948963,0.4713961035792516,-0.13781469137888766,0.15417996296438904,3.141496943547086,6.587124713804475e-05,-1.5707773011110404
vs060,move_to_pose,True,TOOL,True,100,100,0.47138499366408826,-0.13780711019370478,0.03918016004515677,3.1414968918122006,6.582594523946605e-05,-1.570777300990798,0.47136455957148315,-0.1378011263989265,0.039176337364880354,3.1415093751891114,6.219844192031709e-05,-1.570777301821671
vs060,move_to_pose,True,TOOL,True,100,100,0.4713741367236318,-0.1378082790375148,0.15417633674365405,3.141509375189114,6.219844191953907e-05,-1.5707773018216717,0.47112879906544736,-0.13773655182663014,0.15413097144163063,-3.1412791699514906,-5.382814862906537e-05,-1.570777310658894
vs060,move_approach,True,WORLD,False,100,100,0.4533,-0.1775,0.1542,3.141592653589793,0.0,-1.5707963267948963,0.4533712535410489,-0.1775305628460443,0.1542153017291661,3.141508825825227,3.7809556528989244e-05,-1.570797050054703
vs060,move_to_pose,True,TOOL,True,100,100,0.45336151274719266,-0.17752620138892639,0.03921549828295168,3.1415087750642536,3.776413723699775e-05,-1.5707970499083348,0.45335128345299225,-0.17752217897268746,0.03921477772915119,3.141531410456958,2.8938449501146062e-05,-1.570797049561693
vs060,move_to_pose,True,TOOL,True,100,100,0.4533584013101047,-0.17752552358908855,0.15421454621667757,3.1415314596914783,2.8972774825487336e-05,-1.570797049755937,0.45316756989493184,-0.17745080107616773,0.15423303456450843,-3.1410284644275523,-0.00021593561800175472,-1.570797109941535
vs060,move_to_pose,True,WORLD,False,100,100,0.2581,0.136,0.31,3.141592653589793,0,-1.5707963267948966,0.2582735587308359,0.1356180108161822,0.30997411895944016,-3.141542357249445,0.0007011727143610367,-1.570528075414207
vs060,move_to_pose,True,WORLD,True,100,100,0.2582735587308354,0.13561801081618244,0.00997411895944017,-3.1415423572494467,0.0007011727143621669,-1.570528075414208,0.25838633136746486,0.1356822683797667,0.010159412170052229,3.1414511818271773,0.0005552053777991522,-1.5705328405343075
vs060,move_to_pose,True,WORLD,True,100,100,0.258386228531302,0.13568221331782077,0.3101595247459856,3.14145112043675,0.0005551712412859901,-1.5705328406528192,0.25829068778625247,0.13563202230982968,0.3100667238551998,-3.14131821685513,0.0007734310685934294,-1.570532652667078
vs060,move_to_pose,True,WORLD,False,100,100,0.2618,-0.1192,0.305,3.141592653589793,0,-1.5707963267948966,0.26200572231011543,-0.11904227765407754,0.30510883746205564,-3.1409172839248227,-0.0006663080275821437,-1.5709409272535335
vs060,move_to_pose,True,WORLD,True,100,100,0.2620057223101153,-0.11904227765407725,0.005108837462055704,-3.140917283924823,-0.0006663080275809964,-1.5709409272535337,0.26209747333215005,-0.11908711135817958,0.005308721125724919,-3.141253589181076,-0.0004821064142870247,-1.5709377576231016
vs060,move_to_pose,True,WORLD,True,100,100,0.2620974733321499,-0.11908711135817943,0.3053087211257248,-3.1412535891810767,-0.0004821064142865518,-1.5709377576231023,0.26203736582572296,-0.11905978370612627,0.3052528423047439,-3.1409903347815358,-0.0006017082804772026,-1.570937834515513
vs060,move_approach,True,WORLD,False,100,100,0.4653,-0.1623,0.1542,3.141592653589793,0.0,-1.5707963267948963,0.46495805974956744,-0.16230090623680812,0.1541296855489934,-3.141149442656678,-9.639379272591143e-05,-1.5712626943820331
vs060,move_to_pose,True,TOOL,True,100,100,0.465009023829846,-0.16231201529106815,0.0391296973783358,-3.141149442656679,-9.639379272648435e-05,-1.571262694382032,0.46499534127018344,-0.16230721888083322,0.03913098025762654,-3.141091266441751,-0.00011664733417783903,-1.5712627078261578
vs060,move_to_pose,True,TOOL,True,100,100,0.46493768801308627,-0.16229377754927252,0.1541309650203761,-3.1410912664417507,-0.00011664733417718143,-1.5712627078261578,0.4647406231864005,-0.1622249737656165,0.1540745150881057,-3.1408916565429896,-0.00018618874836131186,-1.5712627484272086
vs060,move_approach,True,WORLD,False,100,100,0.4714,-0.1378,0.1542,3.141592653589793,0.0,-1.5707963267948963,0.47141308278253297,-0.13782050102970944,0.15419484899245037,3.141541280415809,5.481271137637619e-05,-1.5707763330769173
vs060,move_to_pose,True,TOOL,True,100,100,0.47140717474149807,-0.13781419768603478,0.03919484931695934,3.1415412804158067,5.4812711377065236e-05,-1.5707763330769173,0.4713856729906087,-0.13780789116869838,0.039197145428254226,3.141587104513218,4.143383784686683e-05,-1.5707763384406805
vs060,move_to_pose,True,TOOL,True,100,100,0.4713863112296567,-0.13781265604729281,0.15419714532777012,3.1415871045132184,4.143383784680006e-05,-1.5707763384406805,0.47109500276419286,-0.13772747507240968,0.1541074208373648,-3.14135466654551,-2.974001119291427e-05,-1.5707763459038984
vs060,move_approach,True,WORLD,False,100,100,0.4533,-0.1775,0.1542,3.141592653589793,0.0,-1.5707963267948963,0.45336854387703507,-0.1774947209033746,0.15418332703376864,3.14132678368025,2.668175597445776e-05,-1.5708345241198383
vs060,move_to_pose,True,TOOL,True,100,100,0.4533379689550264,-0.17749165133365954,0.039183331139194824,3.1413267836802494,2.668175597627079e-05,-1.5708345241198345,0.45332411929421346,-0.1774862528277713,0.03918068519024759,3.1413537348789706,1.6114828799430824e-05,-1.5708345139239257
vs060,move_to_pose,True,TOOL,True,100,100,0.453351594874908,-0.17748810708224555,0.1541806818930912,3.1413537348789706,1.6114828799430743e-05,-1.570834513923927,0.4532330213881491,-0.17744167817776707,0.154170062355034,-3.141554689346008,-9.223024945092711e-05,-1.570834511314325
vs060,move_to_pose,True,WORLD,False,100,100,0.2581,0.136,0.31,3.141592653589793,0,-1.5707963267948966,0.2581621417715528,0.135889574304367,0.310002904454509,-3.1415320925501407,0.00023601403067860014,-1.5707151793101057
vs060,move_to_pose,True,WORLD,True,100,100,0.2581621417715523,0.135889574304367,0.010002904454509187,-3.141532092550142,0.00023601403067885778,-1.5707151793101057,0.2582358154821156,0.1359301808785025,0.010234812771131335,3.1412287201965565,-3.6225752782317712e-06,-1.570716874721827
vs060,move_to_pose,True,WORLD,True,100,100,0.25823591819967423,0.13593023610512642,0.31023470021187,3.1412287815289974,-3.5881298937725045e-06,-1.5707168746331068,0.2581917130149624,0.1359069626525648,0.31019200626247306,3.1413831490106903,7.764318061655065e-05,-1.5707168553686726
vs060,move_joints,,,False,100,100,,,,,,,0.3004090269089062,4.042010310237723e-05,0.3902383159514334,3.14151118962995,0.0015509275760427835,-3.1415641323560237
vs060,move_to_pose,True,WORLD,False,100,100,0.2581,0.136,0.305,3.141592653589793,0,-1.5707963267948966,0.2581044811877605,0.13607547372448014,0.3050327013403933,-3.141486937880861,-4.9609085206033566e-05,-1.570837847356747
vs060,move_to_pose,True,WORLD,True,100,100,0.2581045056029699,0.1360754817011093,0.005032778333558752,-3.141487003735826,-4.966186376446578e-05,-1.5708378473652296,0.25826109206522946,0.13615707565841784,0.005275007830157413,3.141521367128724,-0.00013367775000399103,-1.5708369275523277
vs060,move_to_pose,True,WORLD,True,100,100,0.2582611963388733,0.13615713173625302,0.3052748912611507,3.1415214283914663,-0.00013364337266591228,-1.5708369274776834,0.25810055765264445,0.13607244420766168,0.30511433576565905,-3.1412642313076695,7.707325754438304e-05,-1.5708369257284622
vs060,move_approach,True,WORLD,False,100,100,0.5183,0.13120000000000004,0.198,-3.141592653589793,0.0,-3.141592653589793,0.518030864650953,0.1311318483523647,0.19788925716206976,3.1415558294267076,0.0001451827055919051,-3.141592620743553
vs060,move_to_pose,True,TOOL,True,100,100,0.5180474486553959,0.13113604293032885,0.08288946777723384,3.1415558777500374,0.00014512897900819917,-3.1415926207702656,0.5182094407833235,0.13117704434201177,0.08291039850348428,3.141574491402571,7.16577933351364e-05,-3.141592618771444
vs060,move_to_pose,True,TOOL,True,100,100,0.5182012001371711,0.13117495569019408,0.19791039818926476,3.14157449140257,7.165779333514533e-05,-3.1415926187714454,0.5181274814841438,0.13115629642669563,0.19788648114821641,3.1415604091931097,0.00012723522321624517,-3.1415926201739155
vs060,move_approach,True,WORLD,False,100,100,0.4371,0.13200000000000003,0.198,-3.141592653589793,0.0,-3.141592653589793,0.43741733149028816,0.1319280428137335,0.19803448111626032,-3.1414839077690506,-0.0008183710051302978,3.140771767751512
vs060,move_to_pose,True,TOOL,True,100,100,0.4373232086016602,0.13191561430432264,0.08303452030577142,-3.1414839077690497,-0.0008183710051321246,3.140771767751512,0.4374016392992424,0.13193927110269354,0.08302887625744362,-3.141433850155366,-0.000983734046282553,3.1407717354615023
vs060,move_to_pose,True,TOOL,True,100,100,0.4375148661411147,0.13195747075162376,0.19802864469287484,-3.1414338911510415,-0.0009836752332153457,3.140771735527193,0.43716267446568896,0.13185128638222132,0.19782106649562267,-3.14138659126884,-0.0011402168959377807,3.1407716769803797
vs060,move_to_pose,True,WORLD,False,100,100,0.2618,-0.1192,0.31,3.141592653589793,0,-1.5707963267948966,0.26184716043022666,-0.1189020362570779,0.30992758678948834,3.1411767479075254,-0.0002645624211312872,-1.5709803914114375
vs060,move_to_pose,True,WORLD,True,100,100,0.2618471604302268,-0.11890203625707775,0.009927586789488962,3.1411767479075254,-0.00026456242113040077,-1.570980391411436,0.2619746301550643,-0.11896423090994857,0.010090083454516424,3.140981402218136,-0.00013735376610239262,-1.570976411245568
vs060,move_to_pose,True,WORLD,True,100,100,0.2619746301550647,-0.11896423090994881,0.3100900834545165,3.140981402218138,-0.00013735376610333715,-1.570976411245565,0.26192038013645325,-0.11893959147326782,0.31003759884065946,3.141111356702309,-0.00019639091919294011,-1.5709764193938183
vs060,move_to_pose,True,WORLD,False,100,100,0.2581,0.136,0.305,3.141592653589793,0,-1.5707963267948966,0.25821668846787377,0.1357754693142949,0.30500303874829643,-3.1413400634562865,0.0005446883910176487,-1.5706338364469983
vs060,move_to_pose,True,WORLD,True,100,100,0.25821671301909443,0.13577547729140144,0.005003115742362174,-3.1413401293312604,0.000544635701584058,-1.570633836493417,0.25838447796783764,0.13586721031392687,0.0052841049590795774,-3.1414862428568497,0.00043271872561475455,-1.570637306022624
vs060,move_to_pose,True,WORLD,True,100,100,0.2583844779678369,0.13586721031392643,0.30528410495907954,-3.1414862428568506,0.0004327187256140427,-1.5706373060226213,0.2583499957010117,0.13584906157592114,0.30525236652614574,-3.1412649733802174,0.0005490164096686554,-1.5706372156097919
vs060,move_approach,True,WORLD,False,100,100,0.5183,0.13120000000000004,0.198,-3.141592653589793,0.0,-3.141592653589793,0.51806993611234,0.13113861040289276,0.1979865221859368,3.141454326923154,0.0005490135626940705,3.1415843795950367
vs060,move_to_pose,True,TOOL,True,100,100,0.5181331848048379,0.13115455765094203,0.08298633138701017,3.1414542786003747,0.0005490672507395057,3.1415843795979326,0.5182791748735882,0.13119149572109068,0.08307615486391028,3.14143849012011,0.0006116367719381941,3.141584370345849
vs060,move_to_pose,True,TOOL,True,100,100,0.5182089131315283,0.13117379234882226,0.19807589655965208,3.141438444330963,0.0006116952576608134,3.1415843703227524,0.5179125252839012,0.13109875843518842,0.19787618296891823,3.1415014720648524,0.00036290104835049386,3.1415844010561607
vs060,move_approach,True,WORLD,False,100,100,0.4371,0.13200000000000003,0.198,-3.141592653589793,0.0,-3.141592653589793,0.4373082171102256,0.13206286404413053,0.198083619463386,-3.141543151753565,-0.00016409719550478102,-3.1415926404379353
vs060,move_to_pose,True,TOOL,True,100,100,0.43728934593292557,0.13205717133271877,0.0830836211526395,-3.1415431517535657,-0.00016409719550468507,-3.1415926404379353,0.43742346722725434,0.13209765945995916,0.08309876711031693,-3.141498136788395,-0.00031302414549844675,-3.1415926512441192
vs060,move_to_pose,True,TOOL,True,100,100,0.43745954747887766,0.13210855904062568,0.198098586612813,-3.1414981776962763,-0.0003129653424234755,-3.141592651172417,0.4373516265346526,0.13207596690066392,0.19806910405727257,-3.1415623672593425,-0.00010038420155543064,-3.1415926383243864
vs060,move_approach,True,WORLD,False,100,100,0.4725,-0.15419999999999998,0.1578,-3.141592653589793,0.0,3.141592653589793,0.47225964193419395,-0.1540928821877696,0.15772336947932786,-3.1415157458160965,0.00020961598462186778,-3.141557390527931
vs060,move_to_pose,True,TOOL,True,100,100,0.47228364449865334,-0.15410171662040575,0.042723573717166216,-3.14151569950012,0.00020956443109061262,-3.141557390389024,0.4722745745984801,-0.1540987482921808,0.042716754265321316,-3.1415078364260136,0.00023374149301337883,-3.1415573885428647
vs060,move_to_pose,True,TOOL,True,100,100,0.4722476190368173,-0.15408898279682023,0.15771698591577246,-3.1415078003502788,0.00023369014778187484,-3.1415573883586845,0.4719806172095565,-0.15400186100886187,0.1576822551322875,-3.1413400069719466,0.0007479461304689836,-3.1415573031739936
vs060,move_to_pose,True,WORLD,False,100,100,0.2581,0.136,0.31,3.141592653589793,0,-1.5707963267948966,0.25811553524550157,0.13592982560540973,0.30998345078400635,-3.1415374475841418,0.00014073319725556023,-1.5707532309022694
vs060,move_to_pose,True,WORLD,True,100,100,0.2581155106987475,0.13592981757525632,0.009983372995972684,-3.1415373817738086,0.00014078599840881137,-1.5707532308821313,0.2582489536805446,0.13600097931330551,0.010196321075778308,3.141465488808942,3.665652877097168e-05,-1.5707540733737997
vs060,move_to_pose,True,WORLD,True,100,100,0.2582489536805448,0.1360009793133057,0.3101963210757782,3.1414654888089424,3.6656528771617356e-05,-1.570754073373799,0.2581947565908463,0.13597243537478765,0.310142427952281,3.1414971237894336,5.331679933156694e-05,-1.5707540726284397
vs060,move_to_pose,True,WORLD,False,100,100,0.2618,-0.1192,0.305,3.141592653589793,0,-1.5707963267948966,0.26189020018804904,-0.11899610921419518,0.3049994813129263,-3.1414190979424217,-0.0004296380612062264,-1.5709371959794454
vs060,move_to_pose,True,WORLD,True,100,100,0.26189020018804715,-0.11899610921419432,0.004999481312926435,-3.141419097942423,-0.0004296380612065954,-1.570937195979445,0.26193903668222174,-0.1190215794206306,0.0051854054703877606,3.1413686278969015,-0.00021725986088701654,-1.570934053956206
vs060,move_to_pose,True,WORLD,True,100,100,0.2619391360663475,-0.11902162066970509,0.3051852754039503,3.141368653897091,-0.0002172641883606489,-1.5709340542700454,0.2618532132883796,-0.11898258771515094,0.3051041670106766,3.1414259253337002,-0.00024336946867141318,-1.5709340646691314
vs060,move_approach,True,WORLD,False,100,100,0.4725,-0.15419999999999998,0.1578,-3.141592653589793,0.0,3.141592653589793,0.47228205132018025,-0.15431616433397483,0.15783277452795952,-3.141437127881912,0.0007433567860488893,3.1409504775607697
vs060,move_to_pose,True,TOOL,True,100,100,0.472367629401089,-0.154334113836187,0.04283260638346478,-3.141437174230825,0.0007434082531984641,3.1409504773916135,0.47234756125852084,-0.15432753623323175,0.04283436257970369,-3.141434528509329,0.0007514937048161114,3.140950464071126
vs060,move_to_pose,True,TOOL,True,100,100,0.47226115118732237,-0.1543092963536548,0.15783432866929167,-3.141434528509329,0.0007514937048161114,3.140950464071126,0.47199844374863564,-0.15422343432812785,0.1577254486497644,-3.14141355231203,0.0008159495556457317,3.140950469100134
vs060,move_to_pose,True,WORLD,False,100,100,0.2581,0.136,0.31,3.141592653589793,0,-1.5707963267948966,0.25811480532649655,0.13592360558203886,0.30997860151462997,-3.141543969488089,0.00014575355356199714,-1.5707481125892193
vs060,move_to_pose,True,WORLD,True,100,100,0.25811480532649655,0.13592360558203886,0.009978601514629981,-3.141543969488089,0.0001457535535618931,-1.5707481125892193,0.2581863622511863,0.13596239523841738,0.010066116393196795,3.1414314069467593,2.6121307349059905e-05,-1.570749086139838
vs060,move_to_pose,True,WORLD,True,100,100,0.2581863622511869,0.13596239523841763,0.3100661163931969,3.141431406946761,2.612130734969312e-05,-1.5707490861398368,0.25805494950047914,0.1358931984042535,0.30993675255803543,3.141487739564535,5.5819079326829124e-05,-1.5707490861653473
vs060,move_joints,,,False,100,100,,,,,,,0.3004311754403597,-1.2103098052298032e-05,0.39023240751107036,3.141535291309666,0.0016281330729341415,3.141569472601381
vs060,move_to_pose,True,WORLD,False,100,100,0.2581,0.136,0.305,3.141592653589793,0,-1.5707963267948966,0.25808255638770045,0.13605426351689176,0.30500726004650125,3.1415901884560404,-9.330873196808347e-05,-1.570842688049686
vs060,move_to_pose,True,WORLD,True,100,100,0.25808258079902036,0.13605427148941499,0.005007337038139659,3.1415901225908143,-9.33615142864125e-05,-1.5708426880554787,0.2581152519433672,0.1360706532870108,0.0050421518353185035,3.1413990086814847,-0.00018694154100617956,-1.5708419419008237
vs060,move_to_pose,True,WORLD,True,100,100,0.2581152519433677,0.1360706532870109,0.30504215183531846,3.1413990086814856,-0.0001869415410062956,-1.5708419419008217,0.25799705952464697,0.13600834872624523,0.3049286157825571,-3.141330737741519,5.323837756614009e-05,-1.5708419597774985
vs060,move_approach,True,WORLD,False,100,100,0.4885,0.12389999999999998,0.245,3.141592653589793,0.0,-3.141592653589793,0.48815620475024407,0.12381279023822925,0.2448511499130353,3.1415056128319225,0.0003431881709467143,3.1415926479150227
vs060,move_to_pose,True,TOOL,True,100,100,0.48819578411347175,0.12382284046033187,0.12985098268913858,3.1415055640170837,0.00034324078320364606,3.1415926478075584,0.48835531659088693,0.12386329885686757,0.12988581180548972,-3.141580485367824,-4.804198293347211e-05,-3.141592644734489
vs060,move_to_pose,True,TOOL,True,100,100,0.4883608414189097,0.12386469820244342,0.24488581166426404,-3.1415804853678244,-4.8041982931740385e-05,-3.141592644734488,0.4882210462168598,0.1238292455382834,0.24475517201033384,3.141495351692326,0.0003834932688097158,3.1415926439170803
vs060,move_approach,True,WORLD,False,100,100,0.5333,0.13949999999999999,0.245,3.141592653589793,0.0,-3.141592653589793,0.5330064532113435,0.13942321216781683,0.24492577654759778,3.1414671874491846,0.0004797258069565358,3.1415926227525737
vs060,move_to_pose,True,TOOL,True,100,100,0.5330616216770386,0.13943764077224746,0.12992579068561888,3.141467187449185,0.00047972580695848914,3.141592622752573,0.5333506555094762,0.13951324176304447,0.13000584143457275,3.1415194152392028,0.0002801249776119727,3.141592642547524
vs060,move_to_pose,True,TOOL,True,100,100,0.5333185254545757,0.13950484590075468,0.24500559844643477,3.1415193675155355,0.00028018165700548794,3.141592642643174,0.5330349767312593,0.13943067882391047,0.24491343839453925,3.141462388606332,0.0004979396189694287,3.14159262049427
vs060,move_approach,True,WORLD,False,100,100,0.5333,0.09589999999999999,0.245,3.141592653589793,0.0,-3.141592653589793,0.5336030242876842,0.09593470866587389,0.2451410220731018,3.1415866400574015,-0.00014677653386482113,-3.1415605837111524
vs060,move_to_pose,True,TOOL,True,100,100,0.5335861449641814,0.09593539968078033,0.13014102331392383,3.141586640057403,-0.00014677653386411537,-3.141560583711152,0.5338835471430441,0.09598887321939718,0.13019329691144405,-3.141548762939009,-0.0004245276364202141,-3.1415605890973137
vs060,move_to_pose,True,TOOL,True,100,100,0.5339323676578512,0.09599392220964345,0.24519328643781388,-3.1415487629390095,-0.0004245276364181315,-3.1415605890973137,0.5334708626992862,0.09591095412446046,0.24506798416376938,3.141482055415713,0.0004348782009603706,-3.1415606214771503
vs060,move_approach,True,WORLD,False,100,100,0.4408,0.14659999999999998,0.245,3.141592653589793,0.0,-3.141592653589793,0.4409327302879229,0.14664416529744603,0.24507361359893043,-3.1415800016310196,-3.80279308579695e-05,-3.1415926320349783
vs060,move_to_pose,True,TOOL,True,100,100,0.4409283570759096,0.14664271032209336,0.13007361369128312,-3.1415800016310187,-3.802793086030518e-05,-3.1415926320349765,0.44101941299053515,0.14667298697200326,0.13009122465213419,-3.141540967454755,-0.00015534762604521322,-3.1415926359705733
vs060,move_to_pose,True,TOOL,True,100,100,0.44103727796732994,0.14667893087784423,0.24509122311088388,-3.1415409674547536,-0.00015534762604615615,-3.141592635970572,0.4406552089515305,0.14655186222835276,0.2448807801573399,3.1415903215322407,7.105675009059404e-06,-3.141592631991496
vs060,move_approach,True,WORLD,False,100,100,0.4408,0.09189999999999998,0.245,3.141592653589793,0.0,-3.141592653589793,0.44106726446956973,0.09199285313832337,0.24513577834886563,-3.1414800493229746,-0.0002010707717707672,3.14155319953529
vs060,move_to_pose,True,TOOL,True,100,100,0.4410442324898112,0.09197993684489228,0.13013564666432614,-3.1414800966995386,-0.0002010156574362561,3.1415531995617005,0.4411815219356759,0.09200856618530706,0.13014388644648167,-3.141424519389834,-0.00046739663869581295,3.141553171910577
vs060,move_to_pose,True,TOOL,True,100,100,0.4412352733097632,0.09202789949603195,0.24514387225958073,-3.1414245193898345,-0.0004673966386940646,3.141553171910577,0.4410650954979231,0.09199239125576833,0.2450793973703455,-3.1414913599605905,-0.00014693291991576364,3.141553193553851
vs060,move_to_pose,True,WORLD,False,100,100,0.2618,-0.1192,0.31,3.141592653589793,0,-1.5707963267948966,0.2619287345975072,-0.1189765955057874,0.3100209616337302,3.1415214336655413,-0.0003674892560612738,-1.5709566682883005
vs060,move_to_pose,True,WORLD,True,100,100,0.26192871912850085,-0.11897656818906237,0.01002087059577833,3.1415214967810403,-0.0003674433780087091,-1.5709566682776845,0.2620418190560436,-0.1190319414267563,0.010268033510639901,3.14114810460086,-0.00016120145185704855,-1.5709528724660442
vs060,move_to_pose,True,WORLD,True,100,100,0.26204181905604373,-0.11903194142675615,0.31026803351063986,3.14114810460086,-0.00016120145185720172,-1.570952872466042,0.2619674743179646,-0.11899814656072726,0.31019826678892304,3.1414027703714065,-0.000276802826270737,-1.5709529006746499
vs060,move_to_pose,True,WORLD,False,100,100,0.2581,0.136,0.305,3.141592653589793,0,-1.5707963267948966,0.25823224822092666,0.13568609748203503,0.30497732802316047,-3.1413709349738665,0.0006688271376488604,-1.5705784212875078
vs060,move_to_pose,True,WORLD,True,100,100,0.25823222363824466,0.13568608950786296,0.004977251030236662,-3.1413708690870257,0.0006688798061744562,-1.5705784212330889,0.25830172691708936,0.13572783277961448,0.0050637521233047045,-3.1415601854977537,0.0005234011223620829,-1.5705831047352485
vs060,move_to_pose,True,WORLD,True,100,100,0.25830172691708936,0.13572783277961448,0.3050637521233047,-3.1415601854977537,0.0005234011223620829,-1.5705831047352485,0.25808787886029727,0.13561547645307875,0.3048437205035096,-3.141177472990592,0.0007245143317521867,-1.5705829334212122
vs060,move_approach,True,WORLD,False,100,100,0.4885,0.12389999999999998,0.245,3.141592653589793,0.0,-3.141592653589793,0.4880506653404449,0.12378881393016414,0.2448909267047978,3.141355255794,0.0009545470427469494,3.1415900115156683
vs060,move_to_pose,True,TOOL,True,100,100,0.48816043830272565,0.1238161143863963,0.1298909823370635,3.1413552557939997,0.0009545470427421776,3.1415900115156674,0.4883800818523395,0.12387182925266463,0.12992082139381544,3.1414061815990224,0.0007537074506665189,3.141590054241962
vs060,move_to_pose,True,TOOL,True,100,100,0.4882934054494857,0.1238503851991525,0.24492078673012974,3.1414061815990224,0.0007537074506637164,3.1415900542419597,0.48824166487946125,0.12383725766202114,0.24490381208609358,3.1413938473449763,0.0008024047796123587,3.1415900444912355
vs060,move_approach,True,WORLD,False,100,100,0.5333,0.13949999999999999,0.245,3.141592653589793,0.0,-3.141592653589793,0.532983641756197,0.13941724409061346,0.24495734363432262,3.1414113199321374,0.0006932948944178135,3.141592590583307
vs060,move_to_pose,True,TOOL,True,100,100,0.5330634920221663,0.13943813989084097,0.12995715385212975,3.1414112703459196,0.0006933466934511593,3.141592590590227,0.5333966310881446,0.13952527791171787,0.13004142226790769,3.141456191508745,0.0005216784921350633,3.1415926177965647
vs060,move_to_pose,True,TOOL,True,100,100,0.5333367223975185,0.13950961130123896,0.24504116740911866,3.141456143943207,0.0005217351903774171,3.141592617936756,0.5331909415884027,0.13947148137734244,0.24498618598693228,3.141414054657078,0.0006825712567909549,3.1415925926093045
vs060,move_approach,True,WORLD,False,100,100,0.5333,0.09589999999999999,0.245,3.141592653589793,0.0,-3.141592653589793,0.5337610841544923,0.09594845897817512,0.2451191716225384,-3.141524156892104,-0.0007141962501896215,-3.141548161275003
vs060,move_to_pose,True,TOOL,True,100,100,0.5336789519434498,0.09594057820368558,0.1301192012217016,-3.1415241568921037,-0.0007141962501868003,-3.1415481612750047,0.5339603463760768,0.09599115412796161,0.13006727397285156,-3.1413973463518277,-0.0014197592541043463,-3.1415482694774455
vs060,move_to_pose,True,TOOL,True,100,100,0.5341237049935359,0.09601364278098094,0.2450669233850786,-3.1413973938448305,-0.001419702915480328,-3.141548269398467,0.5339999218607759,0.09599139397964651,0.2450312531208594,-3.1414033681489912,-0.0013864630770995844,-3.141548252635479
vs060,move_approach,True,WORLD,False,100,100,0.4408,0.14659999999999998,0.245,3.141592653589793,0.0,-3.141592653589793,0.4410815012269668,0.1466917280905019,0.2450307843994106,-3.141275528125409,-0.0009642924521348198,-3.141590793710694
vs060,move_to_pose,True,TOOL,True,100,100,0.44097070322292453,0.14665530069035773,0.13003070063787261,-3.141275575508379,-0.0009642376417351153,-3.1415907936191805,0.44104496401647675,0.14668003060184004,0.1300501267391811,-3.141242172012286,-0.0010644320109690802,-3.1415905952001597
vs060,move_to_pose,True,TOOL,True,100,100,0.44116745566340315,0.14672036829970408,0.24504988927848026,-3.141242215827653,-0.0010643744355539623,-3.141590595116433,0.44099837609696935,0.14666411314235794,0.24501215290812026,-3.1414071502768977,-0.0005683178658924555,-3.141590515860585
vs060,move_approach,True,WORLD,False,100,100,0.4408,0.09189999999999998,0.245,3.141592653589793,0.0,-3.141592653589793,0.44101320267709193,0.09195334212401847,0.24509311304903467,-3.1415186453352857,-0.00026708770928010226,3.1415778382014876
vs060,move_to_pose,True,TOOL,True,100,100,0.4409825791146189,0.09194486390350703,0.13009298275177045,-3.1415186927036527,-0.0002670325845893532,3.14157783823177,0.44104107564198464,0.09195704244015865,0.1301107379813933,-3.141495407915808,-0.00037846072638602257,3.1415778262949514
vs060,move_to_pose,True,TOOL,True,100,100,0.44108468117980787,0.0919682482445883,0.24511057306904208,-3.1414954497293763,-0.0003784034732275579,3.141577826302315,0.44083601299267355,0.09191638839445873,0.24494394316051454,-3.1414696526847057,-0.0005018707689272562,3.1415778253978606
vs060,move_approach,True,WORLD,False,100,100,0.4603,-0.15879999999999997,0.1566,-3.141592653589793,0.0,-3.141592653589793,0.45992160496729373,-0.15867598917839848,0.15644794727897324,-3.1415670928879535,0.00011962423327721922,-3.141585023821433
vs060,move_to_pose,True,TOOL,True,100,100,0.4599353617765111,-0.15867892855414847,0.04144794813936338,-3.1415670928879535,0.00011962423327884393,-3.141585023821433,0.45992701434163274,-0.15867601293194433,0.04144849254137051,-3.141561349808805,0.00013651185074446684,-3.141585025617297
vs060,move_to_pose,True,TOOL,True,100,100,0.45991123909859993,-0.15867239890788915,0.1564487200117699,-3.141561315410795,0.00013646170602728947,-3.1415850254231734,0.45972495314545864,-0.15860810665004565,0.15644486360281554,-3.141351713194575,0.00074420835180405,-3.1415849390940624
vs060,move_approach,True,WORLD,False,100,100,0.472,-0.15709999999999996,0.1566,-3.141592653589793,0.0,-3.141592653589793,0.47185256900974576,-0.1570532494652112,0.15654582362472025,-3.141566395199019,8.119442642675446e-05,3.141584354167355
vs060,move_to_pose,True,TOOL,True,100,100,0.4718619063437108,-0.15705626925764474,0.04154582404343833,-3.141566395199018,8.119442643104188e-05,3.1415843541673545,0.47184049409794887,-0.1570491331263525,0.04154521904738914,-3.1415594113695717,0.00010225611437057698,3.1415843545752806
vs060,move_to_pose,True,TOOL,True,100,100,0.4718287346765495,-0.15704531017343593,0.1565452183826106,-3.1415594113695717,0.00010225611436992386,3.1415843545752806,0.4715445385463656,-0.15695072588477826,0.1565021469641142,-3.1414969382731455,0.0002898608560455445,3.1415843667306524
vs060,move_approach,True,WORLD,False,100,100,0.4367,-0.16239999999999996,0.1566,-3.141592653589793,0.0,-3.141592653589793,0.4368852417551963,-0.16248346935282454,0.15654477694615002,3.1412661081742796,-0.0008829030096130939,3.141553712733793
vs060,move_to_pose,True,TOOL,True,100,100,0.43678370939010785,-0.16244591267692263,0.04154482789974889,3.1412661081742805,-0.0008829030096122578,3.1415537127337925,0.4367910347218323,-0.1624486718723198,0.041549285554601384,3.1412557298760535,-0.0009110408859662199,3.141553722802045
vs060,move_to_pose,True,TOOL,True,100,100,0.4368958028947793,-0.16248742217740403,0.15654923130260862,3.141255729876054,-0.0009110408859655888,3.141553722802044,0.4367549120824239,-0.162435014041864,0.15648015768752768,3.1413271671933574,-0.000718853799389482,3.141553664772336
vs060,move_to_pose,True,WORLD,False,100,100,0.2581,0.136,0.31,3.141592653589793,0,-1.5707963267948966,0.2580994280255749,0.13597645201619568,0.3099895245064387,-3.141567586372467,4.642660963529108e-05,-1.570783205429903
vs060,move_to_pose,True,WORLD,True,100,100,0.2580994280255751,0.1359764520161958,0.009989524506439251,-3.1415675863724664,4.6426609635680424e-05,-1.5707832054299036,0.25826031832126145,0.1360614645707207,0.010244053124501634,3.1414356219733826,-5.185000321753484e-05,-1.5707834432519037
vs060,move_to_pose,True,WORLD,True,100,100,0.25826031832126145,0.1360614645707207,0.31024405312450165,3.1414356219733826,-5.185000321753484e-05,-1.5707834432519037,0.25812066820724205,0.13598789603965244,0.31010609104669595,3.1415464313217205,6.544929679745057e-06,-1.570783446939138
vs060,move_to_pose,True,WORLD,False,100,100,0.2618,-0.1192,0.305,3.141592653589793,0,-1.5707963267948966,0.26177090341231757,-0.11897655803337967,0.30489529901365675,3.1412635486358287,-0.0001519116983464923,-1.5709170456627553
vs060,move_to_pose,True,WORLD,True,100,100,0.2617709034123182,-0.11897655803337992,0.004895299013656762,3.1412635486358296,-0.00015191169834708222,-1.5709170456627541,0.261903049257896,-0.11903957404210935,0.005145481201693419,3.140965985422058,1.3374638189394342e-05,-1.5709141879997424
vs060,move_to_pose,True,WORLD,True,100,100,0.26190294987605234,-0.1190395327798745,0.30514561134650864,3.1409659594039914,1.3378977655976808e-05,-1.5709141877228179,0.26174263754973365,-0.11896667751483786,0.3049905911296681,3.141166067461912,-7.76343728204141e-05,-1.5709141808142206
vs060,move_approach,True,WORLD,False,100,100,0.4603,-0.15879999999999997,0.1566,-3.141592653589793,0.0,-3.141592653589793,0.4600260063351578,-0.15867899859279927,0.15652116499528165,-3.1414456555728796,0.00028911075119739436,3.1415655624843604
vs060,move_to_pose,True,TOOL,True,100,100,0.4600593552868002,-0.15869591429076824,0.04152097742361287,-3.1414457008961114,0.00028916190709775516,3.1415655623278393,0.4600488741365631,-0.15869231257076777,0.04151792179980543,-3.141443994400305,0.0002940757146315283,3.1415655683153165
vs060,move_to_pose,True,TOOL,True,100,100,0.46001505589329766,-0.15867521584805655,0.15651791555645098,-3.1414439944003054,0.0002940757146298314,3.1415655683153174,0.45987651195609486,-0.15862742755387815,0.15648412318834928,-3.1413662931818096,0.0005194233372110674,3.1415656071691123
vs060,move_approach,True,WORLD,False,100,100,0.472,-0.15709999999999996,0.1566,-3.141592653589793,0.0,-3.141592653589793,0.47173207160261194,-0.15701893365470304,0.15660035905652847,-3.141361689428575,0.000714089325920247,3.1415703754400415
vs060,move_to_pose,True,TOOL,True,100,100,0.47181419127417523,-0.1570454963624882,0.041600391444437834,-3.141361689428575,0.0007140893259210007,3.1415703754400406,0.4717922399219697,-0.15703822302499404,0.041596746453789246,-3.1413539977383382,0.000736923628029644,3.141570380420804
vs060,move_to_pose,True,TOOL,True,100,100,0.4717074943261486,-0.1570107757147773,0.1565967119530413,-3.1413539977383365,0.0007369236280334859,3.1415703804208057,0.4715281202337067,-0.15695106602409886,0.15654747219330759,-3.1413138713969753,0.0008575488110726221,3.1415704114719487
vs060,move_approach,True,WORLD,False,100,100,0.4367,-0.16239999999999996,0.1566,-3.141592653589793,0.0,-3.141592653589793,0.4367705419691724,-0.16242662790126947,0.15661915128839177,3.1415670885262346,-6.788214598841808e-05,3.1415908411350415
vs060,move_to_pose,True,TOOL,True,100,100,0.43676273552772105,-0.1624236879048109,0.04161915159093105,3.1415670885262337,-6.788214598859351e-05,3.141590841135042,0.4367763296066715,-0.16242877763794844,0.041623047904689764,3.141559618697778,-8.82022669349419e-05,3.1415908419719316
vs060,move_to_pose,True,TOOL,True,100,100,0.4367864728604683,-0.16243257666890523,0.15662304739461033,3.1415596186977774,-8.82022669333532e-05,3.1415908419719303,0.43661867716424074,-0.1623701553045322,0.15663531798393865,-3.1413977474294175,0.0005249573893595013,3.141590891362217
vs060,move_to_pose,True,WORLD,False,100,100,0.2581,0.136,0.31,3.141592653589793,0,-1.5707963267948966,0.2581075034062418,0.13594477377858472,0.3099840133454324,-3.1414859454677666,0.00014060047708738883,-1.5707623473208276
vs060,move_to_pose,True,WORLD,True,100,100,0.2581075034062421,0.1359447737785849,0.009984013345432252,-3.1414859454677666,0.00014060047708761017,-1.5707623473208283,0.2581078313500672,0.13594553050863284,0.010095687791159325,3.141286817468582,-8.170058942990367e-05,-1.570762867263883
vs060,move_to_pose,True,WORLD,True,100,100,0.25810772859178066,0.13594547521097886,0.31009580041725826,3.141286756160837,-8.173509006026428e-05,-1.5707628673468037,0.25792707480490806,0.13585033188511125,0.3099157167916145,3.141481236017951,2.0719060023430297e-05,-1.5707628794980775
vs060,move_joints,,,False,100,100,,,,,,,0.3004442852777637,2.3664627653860427e-05,0.39025123569911596,-3.1415898235523327,0.0016205448723631583,-3.141487492552121
vs060,move_to_pose,True,WORLD,False,100,100,0.2581,0.136,0.305,3.141592653589793,0,-1.5707963267948966,0.25808297629805094,0.13606245077487678,0.3050104448989994,-3.1415835111100554,-9.810739396881647e-05,-1.5708367999654311
vs060,move_to_pose,True,WORLD,True,100,100,0.2580829762980503,0.13606245077487672,0.005010444898999378,-3.1415835111100567,-9.810739396864846e-05,-1.570836799965433,0.258111440642606,0.13607649575677125,0.005122981790219611,3.141219165238352,-0.0002913096046860467,-1.5708358902298065
vs060,move_to_pose,True,WORLD,True,100,100,0.2581114406426056,0.13607649575677136,0.3051229817902198,3.141219165238351,-0.00029130960468645375,-1.5708358902298027,0.25797788213753975,0.1360060830620917,0.30499613245024243,3.141304512331831,-0.0002463256032067891,-1.5708359111584236
vs060,move_approach,True,WORLD,False,100,100,0.4624551538126817,0.06110042743300531,0.11923736160874904,3.0962140930379407,1.2479104151759464,-2.1345376751890655,0.4623512492892152,0.06118421258583652,0.11925144040316998,3.096539021826759,1.2478888083094395,-2.1344048458255087
vs060,move_to_pose,True,TOOL,True,100,100,0.5161761915168593,0.15604665661620074,0.08279586758662091,3.0965390998122104,1.2478888052670145,-2.134404755126146,0.5160846549311202,0.15606527173449858,0.08289224888437781,3.0970760965559485,1.2478854769734449,-2.1340506924348395
vs060,move_to_pose,True,TOOL,True,100,100,0.46223988378275593,0.06121456377133688,0.1193488507401079,3.0970760965559596,1.2478854769734455,-2.134050692434828,0.4622016644109373,0.06125516232611471,0.11934594342727409,3.097284871115475,1.2478959126258602,-2.133897553531982
vs060,move_approach,True,WORLD,False,100,100,0.4436551538126818,0.07150042743300533,0.11923736160874904,3.0962140930379407,1.2479104151759464,-2.1345376751890655,0.44383979470213347,0.0713255550970251,0.1192126803802723,3.095334181467841,1.247910296955596,-2.1350097358423255
vs060,move_to_pose,True,TOOL,True,100,100,0.4976022835715772,0.16622507239785073,0.08276166658595874,3.095334181467838,1.247910296955596,-2.135009735842329,0.49758061694528466,0.16622925195632948,0.08280611819754982,3.0956417375116287,1.2479262796254202,-2.134796773760175
vs060,move_to_pose,True,TOOL,True,100,100,0.44380741461881973,0.07133536389533905,0.11925568406441138,3.095641818369436,1.2479262791635861,-2.134796682071395,0.4437714725783665,0.07137556712391945,0.11925587084837896,3.095826443709584,1.2479337270473938,-2.134653664017315
vs060,move_approach,True,WORLD,False,100,100,0.4804551538126817,0.05100042743300531,0.11923736160874904,3.0962140930379407,1.2479104151759464,-2.1345376751890655,0.4803712659263762,0.05106350109994712,0.11934661193283716,3.0978753304425166,1.2479410446647061,-2.1333210242256766
vs060,move_to_pose,True,TOOL,True,100,100,0.5342275452812804,0.14590950238366535,0.08289499683641813,3.097875251973726,1.2479410476991208,-2.133321115142159,0.534109940524676,0.14596420950012515,0.08291322504551837,3.098133475738934,1.2479336674409895,-2.133203516268572
vs060,move_to_pose,True,TOOL,True,100,100,0.4802391923004442,0.05112690867732969,0.11936603750502954,3.098133555145855,1.247933665650873,-2.133203424035078,0.48021136109736223,0.0511374590587029,0.1193577984453981,3.0981688080470895,1.2479322061138567,-2.13327133202895
vs060,move_to_pose,True,WORLD,False,100,100,0.2618,-0.1192,0.31,3.141592653589793,0,-1.5707963267948966,0.26180010634015555,-0.1192735132830405,0.31002653020455984,-3.141511557205145,6.704965117686398e-05,-1.5707542122737954
vs060,move_to_pose,True,WORLD,True,100,100,0.2618001063401547,-0.11927351328304066,0.010026530204558959,-3.1415115572051477,6.704965117636805e-05,-1.5707542122737952,0.26190585745110806,-0.11932073508890628,0.010139299087886439,3.141508877182813,0.0001340703029397839,-1.5707550733012923
vs060,move_to_pose,True,WORLD,True,100,100,0.26190585745110767,-0.11932073508890605,0.3101392990878862,3.141508877182812,0.00013407030294035395,-1.5707550733012934,0.26170401264642645,-0.1192287572351961,0.3099423464970391,3.1415808735458652,0.00010134683998046084,-1.570755068230478
vs060,move_to_pose,True,WORLD,False,100,100,0.2581,0.136,0.305,3.141592653589793,0,-1.5707963267948966,0.25813568632489825,0.1358786702107177,0.3049785125610387,-3.141571063724348,0.00021334824087933862,-1.5707163455597113
vs060,move_to_pose,True,WORLD,True,100,100,0.2581356863248977,0.13587867021071712,0.004978512561038595,-3.141571063724349,0.00021334824087798586,-1.5707163455597113,0.25826636226447436,0.13594947561929271,0.005070310354877788,3.1415816579700695,0.00017842524237766152,-1.5707181439708262
vs060,move_to_pose,True,WORLD,True,100,100,0.25826625785106677,0.13594941962147172,0.3050704270361551,3.1415815966616076,0.00017839107182990871,-1.5707181440631781,0.2581724934068249,0.1359000518648294,0.3049820704605024,-3.1412263612707565,0.0003769758502632356,-1.57071806097718
vs060,move_approach,True,WORLD,False,100,100,0.4624551538126817,0.06110042743300531,0.11923736160874904,3.0962140930379407,1.2479104151759464,-2.1345376751890655,0.4623818121022466,0.06116379440215332,0.11926952304911104,3.0969122656881525,1.2479195205884726,-2.1340791012633242
vs060,move_to_pose,True,TOOL,True,100,100,0.5162136011873782,0.15602339865149345,0.08281689673011275,3.096912265688145,1.2479195205884719,-2.1340791012633313,0.5161121609887929,0.15605869171494818,0.08287214720565486,3.097248203895783,1.2478989139056993,-2.1339068461848636
vs060,move_to_pose,True,TOOL,True,100,100,0.4622636079323078,0.061209675302603864,0.11932756407796122,3.0972482038957816,1.2478989139056997,-2.133906846184863,0.4622197110699535,0.06125664338014013,0.11932140896500329,3.0974538504662257,1.2479108738237554,-2.133761278924812
vs060,move_approach,True,WORLD,False,100,100,0.4436551538126818,0.07150042743300533,0.11923736160874904,3.0962140930379407,1.2479104151759464,-2.1345376751890655,0.4438445184830964,0.07130821670617574,0.11915935295302105,3.094349062753648,1.2478787777805007,-2.135768532193201
vs060,move_to_pose,True,TOOL,True,100,100,0.4975802007911519,0.1662222478862801,0.08270638092490946,3.094349140751507,1.2478787748239557,-2.135768441532077,0.49754720224587384,0.16622488948286823,0.08271804838081989,3.09440675639353,1.2478611679475478,-2.135805251909631
vs060,move_to_pose,True,TOOL,True,100,100,0.4438027767259927,0.07131661882494124,0.11917260942819109,3.094406837315859,1.2478611675175948,-2.1358051601638857,0.4437435867676639,0.07138791832122125,0.11915305792711597,3.094742307866326,1.2478869376439086,-2.1356224290322854
vs060,move_approach,True,WORLD,False,100,100,0.4804551538126817,0.05100042743300531,0.11923736160874904,3.0962140930379407,1.2479104151759464,-2.1345376751890655,0.48029745567220605,0.051121018184331124,0.11926236175478569,3.096726400355745,1.2478916355474374,-2.134303448954818
vs060,move_to_pose,True,TOOL,True,100,100,0.5341314457194904,0.14597832252641552,0.08280700098929526,3.096726400355746,1.2478916355474372,-2.134303448954817,0.5339483608889823,0.14603136352783208,0.0829030830514699,3.097212271524254,1.2478458117740638,-2.134059985992316
vs060,move_to_pose,True,TOOL,True,100,100,0.4800899590475156,0.05119016269861659,0.11936399157781158,3.0972123509396505,1.2478458100104366,-2.1340598937545567,0.48005616450000804,0.05121125429955342,0.11935167603316998,3.0973101552310554,1.2478541855406617,-2.1340723354569286
vs060,move_approach,True,WORLD,False,100,100,0.4824,-0.0169905605960922,0.1593998172295945,3.141592653589793,-0.0017453292519943296,-1.5707963267948963,0.48193910591015077,-0.01708169861658272,0.15934098096128693,-3.140659121437732,-0.0015233687962607882,-1.5706657660096672
vs060,move_to_pose,True,TOOL,True,100,100,0.48204648496371755,-0.01725687186605815,0.044341164508948566,-3.14065912143773,-0.0015233687962607496,-1.570665766009668,0.4820513539660805,-0.01725720308829077,0.0443404117498267,-3.1406666951883757,-0.0015225981195309394,-1.5706655530664526
vs060,move_to_pose,True,TOOL,True,100,100,0.48194492693807156,-0.01708211233278037,0.1593400147719478,-3.1406666390385016,-0.0015225621373488039,-1.5706655532818787,0.481743574593446,-0.01707514701638336,0.1592727722638153,-3.1405471124421784,-0.0015269071557337908,-1.5706655527633164
vs060,move_approach,True,WORLD,False,100,100,0.5154,0.005209439403907798,0.15929981722959452,3.141592653589793,-0.0017453292519943296,-1.5707963267948963,0.5149504756485149,0.005204424579707285,0.15913048032774763,-3.141452226499787,-0.001744053297170169,-1.570796104459533
vs060,move_to_pose,True,TOOL,True,100,100,0.5149666248084049,0.0050038585577784804,0.0441306563605979,-3.141452226499788,-0.0017440532971704096,-1.5707961044595349,0.5149419196428761,0.0050035520970889355,0.04413149148019843,-3.1413989530632396,-0.0017433958019932763,-1.570796077336069
vs060,move_to_pose,True,TOOL,True,100,100,0.5149196440324466,0.005204042503438268,0.15913131455568885,-3.1413989530632445,-0.0017433958019933034,-1.5707960773360672,0.5146180240869896,0.005200677024166253,0.15902395189932295,-3.141208430734436,-0.0017415012646741985,-1.5707960152534122
vs060,move_approach,True,WORLD,False,100,100,0.4559,-0.048190560596092204,0.1593998172295945,3.141592653589793,-0.0017453292519943296,-1.5707963267948963,0.4559679013021298,-0.048197684382430855,0.1594115298379704,3.1414792642808584,-0.0017333477612502823,-1.5707962523811334
vs060,move_to_pose,True,TOOL,True,100,100,0.4559549601631405,-0.048397009782817656,0.0444115409094058,3.1414793179528315,-0.0017333050451636104,-1.5707962525867656,0.4559793250600404,-0.048400010475705524,0.04441703011319112,3.1414039148942496,-0.0017237077289778938,-1.5707953663671361
vs060,move_to_pose,True,TOOL,True,100,100,0.4560011140611151,-0.048201783635924755,0.15941665790443502,3.141403968941737,-0.0017236756765926205,-1.5707953666137622,0.45592842702893077,-0.04819299185211469,0.1593996950507902,3.1415424732464126,-0.0017391555536818404,-1.570789652828956
vs060,move_to_pose,True,WORLD,False,100,100,0.2581,0.136,0.31,3.141592653589793,0,-1.5707963267948966,0.258211186616365,0.13580409695386533,0.31000611834211,-3.141589853027357,0.00036449242987378073,-1.570649336217237
vs060,move_to_pose,True,WORLD,True,100,100,0.25821121116763757,0.13580410495157533,0.010006196134259626,-3.1415899188517833,0.00036443966796170096,-1.5706493362518177,0.25825183617748376,0.13582832700467412,0.010091539924274306,3.1413209516241976,0.0001965008997293839,-1.5706518695299345
vs060,move_to_pose,True,WORLD,True,100,100,0.2582519389814454,0.13582838219578117,0.310091427282988,3.1413210129752147,0.00019653523049012006,-1.5706518694307816,0.2581919344047635,0.13579680658962168,0.3100344575960642,3.1415594463721326,0.000321881878149552,-1.570651832772501
vs060,move_to_pose,True,WORLD,False,100,100,0.2618,-0.1192,0.305,3.141592653589793,0,-1.5707963267948966,0.2617888502464477,-0.11892819027824637,0.30489287452174146,3.141295947668725,-0.00024776649776496874,-1.5709497802989185
vs060,move_to_pose,True,WORLD,True,100,100,0.2617888346255466,-0.11892816283333624,0.004892784337923561,3.141296010702801,-0.0002477209586050119,-1.5709497802884156,0.2618209360079377,-0.11894622749952144,0.005118579850379862,3.140824092747203,1.1148092689512126e-06,-1.5709464975774885
vs060,move_to_pose,True,WORLD,True,100,100,0.2618208365895025,-0.11894618624913333,0.30511870998217727,3.1408240666765495,1.1191424578546664e-06,-1.5709464973082357,0.2617466946377293,-0.11891247692785056,0.30504977683014134,3.141017274639102,-8.659923722664831e-05,-1.5709464922408547
vs060,move_approach,True,WORLD,False,100,100,0.4824,-0.0169905605960922,0.1593998172295945,3.141592653589793,-0.0017453292519943296,-1.5707963267948963,0.4823465962218123,-0.016997097757029976,0.15939357631332005,-3.1414651994810048,-0.0017440907348215931,-1.5708347085933396
vs060,move_to_pose,True,TOOL,True,100,100,0.48236114176802947,-0.017197683538148507,0.04439393180815657,-3.141465253532448,-0.0017441353773215446,-1.5708347084153882,0.48236487845498704,-0.0171980026702427,0.04439121218723202,-3.1414805068007263,-0.0017429397798724947,-1.570834456142216
vs060,move_to_pose,True,TOOL,True,100,100,0.4823519892168498,-0.01699756420669653,0.15939103678835842,-3.1414805068007294,-0.0017429397798723629,-1.5708344561422158,0.4820093888670076,-0.016985786477107984,0.1593187071394847,-3.1410837142741808,-0.0017568011922319477,-1.5708346092141845
vs060,move_approach,True,WORLD,False,100,100,0.5154,0.005209439403907798,0.15929981722959452,3.141592653589793,-0.0017453292519943296,-1.5707963267948963,0.515335445995494,0.0052083471176623194,0.15928974419638228,-3.1415115936899856,-0.0017435400411470042,-1.570795837609447
vs060,move_to_pose,True,TOOL,True,100,100,0.5153447679820463,0.005007840119737104,0.04428991937023659,-3.141511593689986,-0.0017435400411486553,-1.5707958376094433,0.5153106696935997,0.00500735778981744,0.04429010170128167,-3.141467555915312,-0.0017427672360036137,-1.570795698881955
vs060,move_to_pose,True,TOOL,True,100,100,0.5152962833352261,0.005207775909903147,0.1592899261603203,-3.141467555915314,-0.001742767236005272,-1.5707956988819538,0.514857454669072,0.0052029759987595944,0.15918606785859643,-3.1413256534550102,-0.0017415213233666616,-1.5707955431010565
vs060,move_approach,True,WORLD,False,100,100,0.4559,-0.048190560596092204,0.1593998172295945,3.141592653589793,-0.0017453292519943296,-1.5707963267948963,0.45636901606729013,-0.04824155453222814,0.15945151706381816,3.1405029171396697,-0.0016285243139527923,-1.570792476705542
vs060,move_to_pose,True,TOOL,True,100,100,0.45624379593895004,-0.04842882563541211,0.04445157488225557,3.140502970889919,-0.0016284815326991244,-1.5707924768930683,0.45626950689650725,-0.0484319439846118,0.044456413736977174,3.1404252839668922,-0.0016186442601628522,-1.570791608802884
vs060,move_to_pose,True,TOOL,True,100,100,0.4564036693040182,-0.04824580001449649,0.15945638443963814,3.1404252298154685,-0.0016186764107252963,-1.5707916085851334,0.45631940683265165,-0.04823691720363161,0.15946047460090282,3.1407456840734476,-0.0016523113793956343,-1.5707918574698116
vs060,move_approach,True,WORLD,False,100,100,0.4741,-0.164,0.1537,3.141592653589793,0.0,-1.5707963267948963,0.473694104832138,-0.16388434452418846,0.15357839650662866,-3.1412441503230015,-0.00011415722180183163,-1.570889378104178
vs060,move_to_pose,True,TOOL,True,100,100,0.47373407824194097,-0.16389746575052902,0.038578611101942856,-3.141244201803867,-0.00011420376579853693,-1.570889377964661,0.4736793637150621,-0.1638785007620132,0.03858229845261077,-3.141205706738508,-0.00012742941404224285,-1.5708893842338814
vs060,move_to_pose,True,TOOL,True,100,100,0.4736348661921681,-0.16386384223964706,0.15358228890955983,-3.141205706738504,-0.0001274294140436552,-1.5708893842338822,0.4732685701198523,-0.16373710429236113,0.15347260635741258,-3.140893056294826,-0.00023553257926465813,-1.57088944286791
vs060,move_to_pose,True,WORLD,False,100,100,0.2618,-0.1192,0.31,3.141592653589793,0,-1.5707963267948966,0.26181649638169074,-0.11918347348700777,0.31000549567201563,3.1414992256001923,8.435695590270333e-06,-1.5708092146918986
vs060,move_to_pose,True,WORLD,True,100,100,0.2618164809775248,-0.11918344616147844,0.010005404618650682,3.1414992887101563,8.481520637088941e-06,-1.5708092146573183,0.26193483870301887,-0.11923765330331812,0.010118333134125801,3.141400558063033,5.600620845293104e-05,-1.5708089413908282
vs060,move_to_pose,True,WORLD,True,100,100,0.2619348387030183,-0.11923765330331798,0.31011833313412585,3.141400558063031,5.6006208454597556e-05,-1.57080894139083,0.26184304608721876,-0.11919587652104224,0.31003335575020974,-3.141482088395666,-8.180379674728817e-05,-1.5708089423636244
vs060,move_to_pose,True,WORLD,False,100,100,0.2581,0.136,0.305,3.141592653589793,0,-1.5707963267948966,0.2581049000183404,0.13594193400717797,0.30497982975975857,3.1415642585258103,7.578845272152008e-05,-1.570700270259294
vs060,move_to_pose,True,WORLD,True,100,100,0.25810490001834097,0.13594193400717797,0.0049798297597584695,3.1415642585258126,7.578845272166564e-05,-1.5707002702592954,0.2580553346071732,0.13591662784086428,0.005296180757302121,3.1407905462124486,-0.0003394456342009447,-1.5707008918385148
vs060,move_to_pose,True,WORLD,True,100,100,0.25805543893956323,0.13591668385765188,0.3052960642237989,3.1407906075739143,-0.00033941134189036527,-1.570700891763256,0.25797741398027496,0.13587558401187727,0.3052242735670963,3.141092640073566,-0.00018036065275362688,-1.5707009963700307
vs060,move_approach,True,WORLD,False,100,100,0.4741,-0.164,0.1537,3.141592653589793,0.0,-1.5707963267948963,0.47390416139907166,-0.1639323239190234,0.15366568766150887,-3.1412799810363516,-0.00010805071033637655,-1.5707962718360444
vs060,move_to_pose,True,TOOL,True,100,100,0.47394022202064473,-0.16394476033887057,0.03866548691932839,-3.1412799295417977,-0.00010800414505770984,-1.5707962719727382,0.4739128026009492,-0.1639353098194078,0.03866020293875502,-3.1412132856477433,-0.00013114901090851286,-1.5707962797325274
vs060,move_to_pose,True,TOOL,True,100,100,0.47386924788872853,-0.1639202405511669,0.15365995293668583,-3.1412132342631223,-0.00013111258167820562,-1.5707962799162798,0.47365740742154394,-0.16384698206888162,0.15361765577891448,-3.1408870113123015,-0.00024404558530464302,-1.5707963408894141
vs060,move_to_pose,True,WORLD,False,100,100,0.2618,-0.1192,0.31,3.141592653589793,0,-1.5707963267948966,0.2619029571343437,-0.11915940010796336,0.3100474039280952,3.1413693334481714,-2.2499987763751542e-05,-1.570846536903489
vs060,move_to_pose,True,WORLD,True,100,100,0.2619029417944527,-0.11915937282227174,0.01004731287445898,3.1413693965651324,-2.2454148114868652e-05,-1.5708465368699736,0.2620647401006692,-0.11923412636480879,0.010171056864023698,3.141358240664706,-7.602251972779192e-06,-1.5708455086414064
vs060,move_to_pose,True,WORLD,True,100,100,0.26206464203583235,-0.11923408610312114,0.3101711829322258,3.141358214297152,-7.598642953163514e-06,-1.5708455083288904,0.26197404628970944,-0.11919285485424275,0.31008599211968535,3.1415331485589757,-8.715328125807737e-05,-1.5708455102340335
vs060,move_joints,,,False,100,100,,,,,,,0.3004503056710301,8.134421106103007e-06,0.3902452124185448,-3.1415653548992575,0.001614876357703871,-3.1415252591004825
vs060,move_to_pose,True,WORLD,False,100,100,0.2618,-0.1192,0.305,3.141592653589793,0,-1.5707963267948966,0.2618877100388975,-0.11905084810132449,0.30501466456321014,3.1414804994001937,-0.00022399013858355078,-1.5709844848777108
vs060,move_to_pose,True,WORLD,True,100,100,0.26188769449817456,-0.11905082068441716,0.005014574357566637,3.1414805624051705,-0.00022394459343986293,-1.5709844848669017,0.2619039607208688,-0.11906086039548966,0.005373777495691262,3.140798015866655,0.00011347822397332684,-1.5709819416723303
vs060,move_to_pose,True,WORLD,True,100,100,0.2619039607208708,-0.11906086039549024,0.30537377749569145,3.1407980158666584,0.00011347822397170547,-1.5709819416723292,0.2618116993695281,-0.11901888777585919,0.30528682043602684,3.141087484644242,-1.8020290161410866e-05,-1.5709818591713083
vs060,move_approach,True,WORLD,False,100,100,0.4712,0.1659,0.1502,3.141592653589793,0.0,-1.5707963267948963,0.47105488902382353,0.16581725969918792,0.15015373534729654,-3.141459414536863,5.901043282019237e-05,-1.5709116179327047
vs060,move_to_pose,True,TOOL,True,100,100,0.4710702122971526,0.16582404413230545,0.03515373656830263,-3.1414594145368606,5.901043281998702e-05,-1.5709116179327047,0.4710432862037466,0.1658145620828222,0.03515531503832872,-3.141404158418036,7.845777932973567e-05,-1.5709116144876454
vs060,move_to_pose,True,TOOL,True,100,100,0.4710216800396817,0.16580557216557207,0.1501550910228357,-3.1414040977194846,7.85008597439413e-05,-1.5709116144590434,0.47079866030637924,0.16572707158333316,0.15008124479392546,-3.141286380255009,0.00011996759041906314,-1.570911604442142
vs060,move_approach,True,WORLD,False,100,100,0.4735,0.187,0.152,3.141592653589793,0.0,-1.5707963267948963,0.4734045505822829,0.18696069877811866,0.15197912749526465,-3.141457806219041,5.368505781685365e-05,-1.5708017268087102
vs060,move_to_pose,True,TOOL,True,100,100,0.4734200580632106,0.1869668724759663,0.03697912870655631,-3.141457806219041,5.368505781762466e-05,-1.5708017268087107,0.4734102619391347,0.18696299067724387,0.03698952802218189,-3.1413846682383317,8.253562902014396e-05,-1.5708017232836118
vs060,move_to_pose,True,TOOL,True,100,100,0.4733864126515727,0.18695353097923673,0.15198929781872617,-3.1413846074656324,8.258008100987875e-05,-1.570801723243754,0.4730769731960507,0.18683132801017488,0.15191823327912568,-3.1410049456891196,0.0002325335105833933,-1.5708016635352935
vs060,move_approach,True,WORLD,False,100,100,0.4486,0.1452,0.152,3.141592653589793,0.0,-1.5707963267948963,0.44864862816324985,0.14522594859466798,0.15201137188567174,3.141537603633048,-2.0295215707912756e-05,-1.570759200484091
vs060,move_to_pose,True,TOOL,True,100,100,0.44864229750488366,0.14522361440982998,0.037011372083609786,3.14153760363305,-2.0295215707455805e-05,-1.570759200484091,0.4486310649629326,0.14521997110781287,0.03701071689616672,3.141541767079503,-1.8962300904794133e-05,-1.5707592001162676
vs060,move_to_pose,True,TOOL,True,100,100,0.4486369168306504,0.14522215198967697,0.152010716726599,3.141541767079507,-1.896230090303959e-05,-1.5707592001162682,0.44832325813677043,0.14512061249479496,0.15195921307420482,-3.141042770000222,0.00017544618096697955,-1.570759152273242
vs060,move_to_pose,True,WORLD,False,100,100,0.2581,0.136,0.31,3.141592653589793,0,-1.5707963267948966,0.2581998948522948,0.13594606433509965,0.3100557665485195,-3.1415709603723516,0.00016334673824635362,-1.5707358492359902
vs060,move_to_pose,True,WORLD,True,100,100,0.25819987036565484,0.13594605634171947,0.01005568875473889,-3.141570894565035,0.00016339953151395083,-1.5707358492143293,0.2583966808908456,0.1360510139163681,0.010275435728870769,3.141537946779501,0.00011117997013729317,-1.5707371040285616
vs060,move_to_pose,True,WORLD,True,100,100,0.2583965782186239,0.13605095868649672,0.31027554829132675,3.1415378854827827,0.00011114550365621625,-1.5707371041187703,0.2583021151909259,0.13600121937082868,0.310188952241283,-3.141306658737072,0.0002905450097171102,-1.57073705131256
vs060,move_to_pose,True,WORLD,False,100,100,0.2618,-0.1192,0.305,3.141592653589793,0,-1.5707963267948966,0.26185932776659293,-0.1189908370935768,0.30497235917544885,-3.141553897554589,-0.00035590380515082153,-1.570931794183463
vs060,move_to_pose,True,WORLD,True,100,100,0.26185934339333117,-0.11899086454367039,0.004972449371430987,-3.1415539605565095,-0.00035594935327298247,-1.5709317941848129,0.26198965504925914,-0.11905289830807417,0.0051710394900811585,3.1414363212465903,-0.00023887881547932836,-1.5709290306700008
vs060,move_to_pose,True,WORLD,True,100,100,0.261989754427843,-0.11905293955786442,0.3051709093955455,3.1414363472359326,-0.00023888314134840706,-1.5709290309890858,0.2619204510675808,-0.11902143587786643,0.30510589861779125,3.1415550996890653,-0.00029282648103624273,-1.5709290655051305
vs060,move_approach,True,WORLD,False,100,100,0.4712,0.1659,0.1502,3.141592653589793,0.0,-1.5707963267948963,0.47098127993034333,0.1658230043358621,0.1501140913459684,-3.141524426601148,2.3972402813542508e-05,-1.5707963440822177
vs060,move_to_pose,True,TOOL,True,100,100,0.4709892258816134,0.1658258064993825,0.035113904563647644,-3.1415243703293405,2.4018192609088532e-05,-1.5707963440212507,0.4709632948657904,0.16581667024897112,0.03511657604050164,-3.1414667073343674,4.4305037589014675e-05,-1.570796342092728
vs060,move_to_pose,True,TOOL,True,100,100,0.47094873922130726,0.1658115449371562,0.1501167966073194,-3.1414667680466057,4.426197135067565e-05,-1.5707963421271323,0.4706201854746136,0.16569587633284683,0.1500625373058572,-3.1409337238176063,0.000231970742195027,-1.5707962684344534
vs060,move_approach,True,WORLD,False,100,100,0.4735,0.187,0.152,3.141592653589793,0.0,-1.5707963267948963,0.47344694358563266,0.18697897677439718,0.15197691925881474,-3.1415735365124515,7.391607877733461e-06,-1.570796312792853
vs060,move_to_pose,True,TOOL,True,100,100,0.47344904229707924,0.18697977813515157,0.03697711347256684,-3.141573592663029,7.34529715534595e-06,-1.5707963128439157,0.47341754834692185,0.1869673367744888,0.036976486724363405,-3.1414742294820317,4.657667492584422e-05,-1.5707963101781255
vs060,move_to_pose,True,TOOL,True,100,100,0.47340399864297644,0.1869620122226758,0.1519762584388487,-3.1414741687008423,4.662113182168106e-05,-1.5707963101389024,0.473185676808374,0.1868757823547854,0.15192308103502467,-3.1412091032204708,0.00015127124908208506,-1.5707962839327116
vs060,move_approach,True,WORLD,False,100,100,0.4486,0.1452,0.152,3.141592653589793,0.0,-1.5707963267948963,0.44875981503579043,0.14524947719817888,0.1519780714291433,3.1411083987215536,-0.00016352862600760691,-1.5707951984498734
vs060,move_to_pose,True,TOOL,True,100,100,0.44870422221158623,0.14523071331852863,0.036977921542045974,3.1411084555039586,-0.000163483838841023,-1.5707951984266975,0.4487011574572379,0.14522971230680704,0.036978269640916356,3.1411310515587747,-0.00015618214321086395,-1.5707952079947343
vs060,move_to_pose,True,TOOL,True,100,100,0.448754241668827,0.14524767331068153,0.15197825598643158,3.141131051558775,-0.0001561821432098767,-1.5707952079947343,0.44857469055775856,0.14518954859479827,0.15192761616204556,3.1413191145855275,-9.534651619290415e-05,-1.5707952306743966
vs060,move_approach,True,WORLD,False,100,100,0.4721,0.005,0.1553,3.141592653589793,0.0,-1.5707963267948963,0.47181770843715365,0.005070776133755188,0.15523071279692208,-3.141232924394233,-0.0001748884859667337,-1.570884974960079
vs060,move_to_pose,True,TOOL,True,100,100,0.4718590755106815,0.005050660292078354,0.040230721996409285,-3.1412329243942314,-0.00017488848596750945,-1.5708849749600784,0.47186094304847737,0.005050675764924156,0.04023182456664101,-3.1412367138815767,-0.0001747697919508383,-1.57088493393667
vs060,move_to_pose,True,TOOL,True,100,100,0.47182001176393223,0.005070777916506576,0.15523181552548146,-3.1412367138815744,-0.00017476979195004276,-1.57088493393667,0.4714264007177114,0.005066498864312645,0.15512712439999515,-3.1408152970849263,-0.00017026874667528492,-1.5708849525165869
vs060,move_approach,True,WORLD,False,100,100,0.4915,0.0344,0.1582,3.141592653589793,0.0,-1.5707963267948963,0.4910127537272007,0.03436456526628613,0.15812204934800278,-3.140759449147864,5.8722318017339904e-05,-1.570795304961987
vs060,move_to_pose,True,TOOL,True,100,100,0.491108572220035,0.03437131842842062,0.04312208946448266,-3.1407594491478648,5.8722318017231104e-05,-1.5707953049619872,0.49109935913761893,0.0343706957667342,0.04312321776934916,-3.1407457881185867,5.973654390041719e-05,-1.5707953043003051
vs060,move_to_pose,True,TOOL,True,100,100,0.4910019696270963,0.03436382596707284,0.1581231763262511,-3.1407457881185854,5.973654389990328e-05,-1.5707953043003045,0.49082128989250107,0.034351167171406655,0.15806620125933638,-3.140565298371052,7.231356030576122e-05,-1.5707952923932846
vs060,move_approach,True,WORLD,False,100,100,0.4438,-0.0205,0.1582,3.141592653589793,0.0,-1.5707963267948963,0.44381116462704956,-0.020499239543071132,0.1581981323712125,3.141556632481364,3.301730328337052e-07,-1.5707889539211786
vs060,move_to_pose,True,TOOL,True,100,100,0.44380702219930196,-0.020499201603714393,0.04319813244582653,3.141556632481365,3.3017303289948577e-07,-1.5707889539211815,0.4438447680391192,-0.020500951687549392,0.043212149076445744,3.1414742471629937,4.121429913566853e-06,-1.5707889532929469
vs060,move_to_pose,True,TOOL,True,100,100,0.4438584707392466,-0.020501420923703304,0.15821196022916167,3.1414743021163507,4.1518493379984066e-06,-1.570788953418175,0.4436659134309767,-0.02049252031254821,0.15815850382557625,-3.141456655611628,-7.576324266800734e-06,-1.5707889537055164
vs060,move_to_pose,True,WORLD,False,100,100,0.2618,-0.1192,0.31,3.141592653589793,0,-1.5707963267948966,0.2618452104590449,-0.11896694790446352,0.3099446840774177,3.1412502515245344,-0.00020430248827823998,-1.570941926738882
vs060,move_to_pose,True,WORLD,True,100,100,0.26184521045904674,-0.11896694790446412,0.009944684077418497,3.1412502515245393,-0.00020430248827966037,-1.5709419267388791,0.26190905411811144,-0.1189992546396855,0.010035648926986745,3.1410039962742347,-6.419435911810128e-05,-1.5709389861607514
vs060,move_to_pose,True,WORLD,True,100,100,0.2619090541181113,-0.11899925463968539,0.31003564892698665,3.141003996274234,-6.419435911753852e-05,-1.5709389861607526,0.2618258019676259,-0.11896143460210022,0.30995492474671515,3.14111784975237,-0.00011598481834856042,-1.5709389874672195
vs060,move_to_pose,True,WORLD,False,100,100,0.2581,0.136,0.305,3.141592653589793,0,-1.5707963267948966,0.2581184419703534,0.13587791559399898,0.304964872915631,3.141549096680953,0.00016724491012940542,-1.5707178475855117
vs060,move_to_pose,True,WORLD,True,100,100,0.2581184664462912,0.13587792356172218,0.004964949905979454,3.141549030793153,0.000167192171532064,-1.570717847608059,0.2581699192509133,0.13590670584631093,0.0051210169147179185,3.141186401369552,-3.927289251696622e-05,-1.5707193806674598
vs060,move_to_pose,True,WORLD,True,100,100,0.25816991925091215,0.13590670584631087,0.3051210169147178,3.14118640136955,-3.927289251795054e-05,-1.570719380667458,0.2580191152124054,0.13582732557187427,0.3049776673079113,3.1413152097094814,2.8572855741625232e-05,-1.5707193890688151
vs060,move_approach,True,WORLD,False,100,100,0.4721,0.005,0.1553,3.141592653589793,0.0,-1.5707963267948963,0.47204717598943086,0.004999603044557498,0.15529786120878789,-3.1414344257830162,1.3194176656775785e-06,-1.5707965141717297
vs060,move_to_pose,True,TOOL,True,100,100,0.4720652706484356,0.004999736310708341,0.040298033434288394,-3.1414344804348207,1.2760240112274274e-06,-1.5707965141124791,0.4720662412902614,0.00499974039467707,0.0402971717185866,-3.1414403305709007,1.1971924099723106e-06,-1.5707965140461986
vs060,move_to_pose,True,TOOL,True,100,100,0.4720488062471348,0.0049996119406844645,0.15529696305842805,-3.141440273729737,1.2319114468871502e-06,-1.5707965141396387,0.471879924900944,0.004997821122426988,0.15528046842601081,-3.141105828879056,4.761481742761606e-06,-1.5707965130095265
vs060,move_approach,True,WORLD,False,100,100,0.4915,0.0344,0.1582,3.141592653589793,0.0,-1.5707963267948963,0.49123367128425577,0.03437615512619419,0.15817521448415495,-3.141027727361095,7.598601216528592e-05,-1.5707566160194553
vs060,move_to_pose,True,TOOL,True,100,100,0.49129863745004126,0.034384896096053684,0.04317523316679708,-3.1410277273610943,7.59860121653185e-05,-1.5707566160194553,0.4912860098733179,0.03438400661493707,0.04317657831767013,-3.141017186976936,7.668444864230785e-05,-1.5707566216224638
vs060,move_to_pose,True,TOOL,True,100,100,0.4912197528404447,0.03437517193075712,0.15817677832693533,-3.1410172450670077,7.664618555088044e-05,-1.5707566215580016,0.4907723078346712,0.03434387231005431,0.15799327938333213,-3.1409082567102953,8.428760965088148e-05,-1.5707566209722952
vs060,move_approach,True,WORLD,False,100,100,0.4438,-0.0205,0.1582,3.141592653589793,0.0,-1.5707963267948963,0.44421566908366994,-0.020516410107534848,0.15832786123211579,3.141169498133997,1.5983126056759482e-05,-1.5707988946780789
vs060,move_to_pose,True,TOOL,True,100,100,0.44416691123950164,-0.020514585940419192,0.0433280219932681,3.1411694435377444,1.5941668415548647e-05,-1.5707988945984617,0.44420704357170526,-0.02051644695763951,0.043342283696900824,3.1410810094816317,2.0014526787720126e-05,-1.5707988939652693
vs060,move_to_pose,True,TOOL,True,100,100,0.44426588263566796,-0.02051874877896851,0.1583422686215354,3.1410810094816326,2.0014526788322672e-05,-1.5707988939652693,0.4442028541303371,-0.020515836005562373,0.15835437354874696,3.141293137044646,1.0229213321792427e-05,-1.570798891514311
vs060,move_approach,True,WORLD,False,100,100,0.4718,-0.1555,0.1562,3.141592653589793,0.0,-1.5707963267948963,0.47136073544276513,-0.15533820524702457,0.15603821595498943,-3.141373049169891,-0.00011108182610016229,-1.5708118765520094
vs060,move_to_pose,True,TOOL,True,100,100,0.4713860930409483,-0.1553509893252077,0.0410380179654469,-3.1413729976633267,-0.00011103566804491359,-1.5708118766894885,0.47137409841154826,-0.15534705273036503,0.041029520127843444,-3.1413351947280606,-0.0001235292899096266,-1.5708118799111177
vs060,move_to_pose,True,TOOL,True,100,100,0.4713444162540513,-0.15533283384900906,0.15602975096991084,-3.1413352459796218,-0.0001235651447523797,-1.5708118797263493,0.47105629382019426,-0.15523787927174293,0.15597756380356922,-3.1408735153510325,-0.0002756860426610685,-1.5708119593212067
vs060,move_approach,True,WORLD,False,100,100,0.4748,-0.1233,0.1621,3.141592653589793,0.0,-1.5707963267948963,0.4749422636549753,-0.12334139606047602,0.16215181960781738,3.14153933355479,2.4478481753629964e-05,-1.5707902281522381
vs060,move_to_pose,True,TOOL,True,100,100,0.47493602758646164,-0.12333857723381783,0.0471520127602232,3.1415392815276846,2.4432726639006367e-05,-1.5707902280402832,0.4749442935646635,-0.12334071464517324,0.04714774872231234,3.1415213173769088,2.9120054686318742e-05,-1.570790229536393
vs060,move_to_pose,True,TOOL,True,100,100,0.47495241908172303,-0.12334405432719099,0.16214797528340183,3.1415212651899784,2.908443048637193e-05,-1.570790229380931,0.47478973482966397,-0.12330178519961899,0.16209428600681913,-3.141534738096837,-4.417429682663046e-06,-1.5707902293407991
vs060,move_approach,True,WORLD,False,100,100,0.4541,-0.185,0.1621,3.141592653589793,0.0,-1.5707963267948963,0.4540220952294441,-0.18495341623783107,0.16207355606535506,-3.141521360142647,-7.603076636326168e-05,-1.570844182716282
vs060,move_to_pose,True,TOOL,True,100,100,0.45403039497954983,-0.18496217509228036,0.04707335910538399,-3.1415213093199594,-7.598423365780894e-05,-1.5708441828668256,0.4540361499502427,-0.18496451388462343,0.04707300375672557,-3.141527937757673,-7.32429018919002e-05,-1.5708441774503088
vs060,move_to_pose,True,TOOL,True,100,100,0.4540287080326063,-0.18495609059482124,0.16207300320744733,-3.1415279377576724,-7.324290189282064e-05,-1.5708441774503081,0.45364827495323873,-0.18480113521694846,0.16193345111982788,-3.1413121828988673,-0.0001611589292952431,-1.5708441912088718
vs060,move_to_pose,True,WORLD,False,100,100,0.2581,0.136,0.31,3.141592653589793,0,-1.5707963267948966,0.2582044113822233,0.1356191030877211,0.309922870252352,3.1413760963824258,0.0005079543498136173,-1.5705492938902204
vs060,move_to_pose,True,WORLD,True,100,100,0.2582044113822232,0.13561910308772046,0.009922870252352556,3.1413760963824267,0.0005079543498133113,-1.5705492938902226,0.2582642280925364,0.1356557798323792,0.010046436661182628,3.141082223811066,0.00030906119931722447,-1.5705540141582215
vs060,move_to_pose,True,WORLD,True,100,100,0.2582641252188539,0.13565572472662063,0.3100465493343222,3.1410821623971352,0.0003090270137303485,-1.5705540142684586,0.2580776628716011,0.1355578136384641,0.309861585968351,3.141241870828983,0.0003930323597144587,-1.570553995933356
vs060,move_to_pose,True,WORLD,False,100,100,0.2618,-0.1192,0.305,3.141592653589793,0,-1.5707963267948966,0.2617649974790212,-0.11882558755419158,0.30483622817096934,3.1411118629741464,-0.0002959495857724266,-1.5710032904923545
vs060,move_to_pose,True,WORLD,True,100,100,0.2617649974790215,-0.11882558755419216,0.0048362281709702915,3.1411118629741477,-0.00029594958577311664,-1.571003290492358,0.26177123412899755,-0.11883315620420513,0.005023687938222637,3.1405358535579455,1.2280947236147773e-05,-1.5709988679536158
vs060,move_to_pose,True,WORLD,True,100,100,0.26177123412899644,-0.1188331562042044,0.3050236879382232,3.1405358535579433,1.228094723700928e-05,-1.5709988679536147,0.26163540576397154,-0.11877147440732463,0.30489352835553396,3.1408929830569376,-0.00014976126915548123,-1.5709988401468136
vs060,move_approach,True,WORLD,False,100,100,0.4718,-0.1555,0.1562,3.141592653589793,0.0,-1.5707963267948963,0.47166057832619535,-0.1554540538853702,0.15617500266061413,-3.1413607275701474,-7.648073678969188e-05,-1.5707963396288889
vs060,move_to_pose,True,TOOL,True,100,100,0.4716872498181039,-0.15546284917019848,0.04117500608985625,-3.141360727570145,-7.64807367912728e-05,-1.5707963396288884,0.47166760229678467,-0.1554563826162849,0.0411719877391675,-3.1413363296547105,-8.454838668039338e-05,-1.5707963415211308
vs060,move_to_pose,True,TOOL,True,100,100,0.47163819961564724,-0.15544667210319238,0.1561717478283079,-3.141336278395072,-8.451252347225811e-05,-1.5707963416607333,0.47142622886513463,-0.15537681768556635,0.15612048032897805,-3.1410815273127564,-0.00016850725111510224,-1.570796373782423
vs060,move_approach,True,WORLD,False,100,100,0.4748,-0.1233,0.1621,3.141592653589793,0.0,-1.5707963267948963,0.47496715716613197,-0.1233528381523668,0.1621426448633106,3.141408625043405,5.725973126052857e-05,-1.5708176066981647
vs060,move_to_pose,True,TOOL,True,100,100,0.474945994023546,-0.12334625283303531,0.04714264699915742,3.1414086250434026,5.7259731261633754e-05,-1.5708176066981654,0.47495512287741337,-0.12334859089235434,0.047139509546728714,3.1413731012368165,6.656499520226304e-05,-1.570817610347051
vs060,move_to_pose,True,TOOL,True,100,100,0.47498037123487186,-0.12335624640398928,0.16213950652026582,3.1413731012368147,6.656499520272513e-05,-1.5708176103470546,0.47488479704202347,-0.12333143001590652,0.16209568347057393,3.141497684500981,3.4181639875203655e-05,-1.5708175952960863
vs060,move_approach,True,WORLD,False,100,100,0.4541,-0.185,0.1621,3.141592653589793,0.0,-1.5707963267948963,0.45401900511137194,-0.184952186945876,0.1620715493943497,-3.14152046953575,-6.81960045110869e-05,-1.57082371754456
vs060,move_to_pose,True,TOOL,True,100,100,0.454027306062764,-0.18496002971374026,0.047071549961370196,-3.14152046953575,-6.819600451096366e-05,-1.5708237175445616,0.45403298719066487,-0.18496233706302254,0.047068477849703555,-3.1415256037912944,-6.606844809896424e-05,-1.5708237151214839
vs060,move_to_pose,True,TOOL,True,100,100,0.4540252766719393,-0.18495473898033327,0.16206847734021296,-3.141525603791294,-6.606844809933203e-05,-1.5708237151214832,0.4539203684110922,-0.18491199394259783,0.16207809753766836,-3.141324487154723,-0.00014795458475335956,-1.5708237324996714
vs060,move_to_pose,True,WORLD,False,100,100,0.2581,0.136,0.31,3.141592653589793,0,-1.5707963267948966,0.25816688851867314,0.1358371775226923,0.30998541338937313,3.141582671746758,0.00027720151469588057,-1.5706840593030154
vs060,move_to_pose,True,WORLD,True,100,100,0.2581668639650573,0.13583716951268743,0.009985335599413614,3.1415827375700363,0.0002772542909679775,-1.5706840592740317,0.2583616564362507,0.13594202156284596,0.010167971500464862,-3.141584556711636,0.0002658545325313322,-1.57068624555092
vs060,move_to_pose,True,WORLD,True,100,100,0.2583616564362511,0.13594202156284618,0.31016797150046493,-3.1415845567116345,0.00026585453253210836,-1.57068624555092,0.2582570534787033,0.13588698601233057,0.3100651473341849,-3.1415160585450987,0.0003019271080165387,-1.570686232233058
vs060,move_joints,,,False,100,100,,,,,,,0.3004250070398775,-9.201392400555024e-06,0.3902304774794215,3.141545871225917,0.0016622147059520284,3.1414544946361986
